timestamp,title,source,pub_date,link
2026-03-29 14:00:00,"FAA Publishes Updated GPS/GNSS Interferences, Jamming and Spoofing Resource - NBAA",National Business Aviation Association,"Tue, 24 Mar 2026 16:30:10 GMT",https://news.google.com/rss/articles/CBMiqgJBVV95cUxNVTVOSE5qT1Bpd1VwcWVtTkRha3dzaHdBc1psWExXR29nLVJsUGloSDAzVmdGWkpnazM4TUFBcU1uNndTRWZLRVVfaUdhU3pOZ2ZENm9kVm91d1lKNTFNYTdOdTV4VUlsTGJIai1pU2YtaEdDdGtRNkctSzkxQU9KUWVkNlZKU3E1Q2JsV3Q5YW1iSTltZFdabW9kRW1LSlhFdzFlbkV2VWdidWVrWGR3aW1PN0pCM1dkd2RDV0VqbG4tMWM0S1NnUXQyM2o1bnJacHlOSEkySDdnaERJZE1HWU9pQlI4QlVhNlhXRW9ZSk9LWXpTNXRyTGlvR1VkX3BGWGRHSU1LVXlqdEUwV21JV1hoM3h0RjRHY3Vmd09EdjZ5aTFXZUtuVm1R?oc=5
2026-03-29 14:00:00,Electronic warfare in the Persian Gulf: How GPS interference is disrupting the Middle East,CNBC,"Thu, 26 Mar 2026 08:01:12 GMT",https://news.google.com/rss/articles/CBMikAFBVV95cUxNNTZ6MDhNQlh4ZUF4dzh4QkZzVUh3UDk3OHdXcVY2MVhmNmZKS2ltZTNoX0dGN2VYOGdDaGlFd3Fyb2FqLWVmZnNiSzZMTWNjV0pvTl9Xd05LY1VBX3ozMGVrY0dwNDJMbHV4YmI1U2JnVUJoMTc5UVZCeVhDZHBueml3VGtVOHdOamlsLW5PVzLSAZYBQVVfeXFMTV9ZRzlaV0VObFU4WF9kWWd2MW1DUlprckFDUUVHVm9sTlh0VmVCTEczZHdpY2R6NVMybV9jN091N08yZVYtYkRqcXhHanRrNHE0MkpsbnV1WFZvR19LX2VfOG9sXzE3T0pZMWJhdjJCdjBBWFBLS3NhTWdlMzFXQjNGQ2paVmpQZ3hlaFh1azJrQ1BuUXV3?oc=5
2026-03-29 14:00:00,GPS jamming: The invisible battle in the Middle East,BBC,"Mon, 09 Mar 2026 07:00:00 GMT",https://news.google.com/rss/articles/CBMiWkFVX3lxTFBpZ2ZFTzZ1aHhSZm0tM3RXVmtRYjNGVXpiLVpXdzRKUWRiYjl0aDZrSmZCNmo5bXdfZ25xYkhVX0dZVTRCMWdMMlNjUEFnQTFmTWFKR185U3BSZw?oc=5
2026-03-29 14:00:00,"FAA Revises GPS/GNSS Interference, Spoofing Guidance",Aviation International News,"Wed, 25 Mar 2026 17:10:56 GMT",https://news.google.com/rss/articles/CBMitwFBVV95cUxNb0Y3Q3hBd0xhYWduYWtIZmowVDQxZS14MGEtcXJVQk5nSVJ1NzNvNlFPemNsSFVmX3NibkIwYjh6dkRVSndHUzFXLVg3V0N5ZEdiek9DLU1vbWpwb0daTHR0eEdzZWRZR3NtNkhjaGdDSkItTEZKSEVibWZDdUVmVzNrNVYyaF9MbmtVRlhkMHI0bm52Ty00RDEwanNWOVI1TXpXTjRDbS01MTRrMG8wMHRjaHFyYjg?oc=5
2026-03-29 14:00:00,Ships and planes are vulnerable to GPS jamming. The Iran war is revealing just how bad the problem is,CNN,"Fri, 06 Mar 2026 08:00:00 GMT",https://news.google.com/rss/articles/CBMifEFVX3lxTE13a0Z4T1JwUzdHT2JfOHRxcWptdkJJLVhBZzl3QnpTQ3BJSkZhVWcteWtZRmczWG9fd0RFMjNYdEROU3JNcEd6dEltaWMzcWJaSzlLeklrUjZBdVl5OGZYZ1JwdWY5Q09xb2ZpU1oyZElDSi1VbFdzX2FId0w?oc=5
2026-03-29 14:00:00,How high-tech spoofing is causing chaos in the Middle East during the US-Iran war,The Independent,"Mon, 23 Mar 2026 16:53:00 GMT",https://news.google.com/rss/articles/CBMiqgFBVV95cUxOY1duS19sUjdzVzEyZi1jWmNSX3pIbW9zR1JsMFd1LWxKQ1pyaVVEc2U2VE42R1Y1Q01Edm5fNG5LSHpiZjdrU3VRQmh2dVlOS0ZpTlIzbldYckktUGJzRmNZQjJWTl9JeWl4UmtLdlI4bVd5NlBCMmF4ZkMxUEVVY3pWT2xjTU5LeWxJWVdCTVY2QXRES1UtMzJfYmtRY2hFSTF5RWpxTDYzQQ?oc=5
2026-03-29 14:00:00,When GPS lies at sea: How electronic warfare is threatening ships and their crews,theconversation.com,"Thu, 12 Mar 2026 07:00:00 GMT",https://news.google.com/rss/articles/CBMitgFBVV95cUxORXp6ZTJ3d19zSFpLSU9CZW9qY193dTdmY3JxTzFKa2Z6bE5FSXdmSjRLUlI4OS1TMC1MZ1NRZVpjRmFjNHBnUWNfQWRDal9Bc1d1aEp5SVNaLTE0enE5NVJLRzViMGg3eU1IckI4cjJhSHlXTUlmTWRYNEpwTEQ1RW9jNWU1Y2F5UUduR0FJQXE3THQyeDRMVE0yczN4QnZrRkFhNmNqQ2hrcGU4UmtrLXoyLVF5Zw?oc=5
2026-03-29 14:00:00,Attacks on GPS Spike Amid US and Israeli War on Iran,WIRED,"Mon, 02 Mar 2026 08:00:00 GMT",https://news.google.com/rss/articles/CBMilgFBVV95cUxNbVlGVlU3V0d5bGVFdVFCRUlCN2tXYzc4ZzQzSXNKa2t6V0U3QUhKRktNYUM5UXduV2w2cHJMdVlGS3ZQS2QtME5Pek91OHU1VnNfemRqc2RNLWhaTmktWHRRN3FpcjF1Z0ZjMy10TDAzWWdkUWlMN0ZxekZZNERMSzJSVWtHSXhKUjd0WGNkOW00aG1tb2c?oc=5
2026-03-29 14:00:00,"GPS Jamming Disrupts 1,100 Ships in the Middle East Gulf",Windward,"Sun, 01 Mar 2026 08:00:00 GMT",https://news.google.com/rss/articles/CBMiiAFBVV95cUxNSUhUSlkwT1FLS3VvYmZmTDVhRU9uM0JiTlA3elZNYmFtUjA5RU40NHE2ZHdsbkRqUkxGZ0J6M3l4UHhzOXNzai1tVjJ3MlNtd1FrYlgycTAtZmd5Q3ptUnB3bjJyVGswdDBUczFialNJNWM5aWtLMld4UmlQVVZINjl4d1pLOUZj?oc=5
2026-03-29 14:00:00,Electronic Fog of War: GPS Spoofing Distorts Ship Traffic Near Hormuz,gCaptain,"Tue, 10 Mar 2026 07:00:00 GMT",https://news.google.com/rss/articles/CBMilAFBVV95cUxNUUlCQTFYU2x3NzlMMzFKZXhjQUNGSTlTRG1YWmxOUmdrb013bkZWVWZaLWw4dGRpMkFMUFRCQkRtR0RqMmllTldvRnBmS0ZCZ1pULTd3MUtRRlZ1b3Nuc0xoUHJnVVdDYThfTE9fQVlVekhjVk5DZTRsRFdiMXBlR2pyVFVYdTluX3RCVHZ4UUFnYUhB?oc=5
2026-03-29 14:00:00,GPS jamming is leading to dead zones. What now?,marketplace.org,"Tue, 17 Mar 2026 07:00:00 GMT",https://news.google.com/rss/articles/CBMiqAFBVV95cUxOQy1wQTRDZXM1Z2pWRDh3bFIxVzRxX2RoUkdNamZESUtLR0o5SjM1SFdvcGtpOE1USWpHV01kbGJkQjFsTnFYU1htVWF5RlZXdk5DeE1EcXd5U25iaFQybEZqNkFtQmxMNnpZRXRPVFZkb19nd0hfS2lnWjIzN0VDSV83T0hDUEpJZzNNNmR3c19aZm14Yk5Za0tZU2w4YXBrNk4yVzMyNG8?oc=5
2026-03-29 14:00:00,What is GPS jamming and spoofing and why is it on the increase?,thenationalnews.com,"Thu, 05 Mar 2026 08:00:00 GMT",https://news.google.com/rss/articles/CBMilAFBVV95cUxNX1JWWUUxaGdlX2pZVEFNcFJFTHp4UWhLVGlUbHdWNjNCMk1COW0wZ0xxUTdpMWc2blk5LUE2RWI0TWR6X200d3lDcnVZZkdyWUFKOWhfQ0JBZFQ1cUVCVktWWV9weDlXUllNYVJKNDBKVVExLUJpMU05Z0wxb3NGQnlNc2xqa0psXzdfNzlFQ3FMN3BL?oc=5
2026-03-29 14:00:00,Marlink warns of dramatic rise in GNSS jamming and spoofing,Seatrade Maritime News,"Thu, 26 Mar 2026 08:31:49 GMT",https://news.google.com/rss/articles/CBMirgFBVV95cUxQVFNGRjFCT25JRld2X0s1SUlCUDJOcTFXWXVXNmxNWF9pUmdDLVhncHRURF81dUlMbmJPZmRKRWRSQU0xTTdUWmZodVI3ZlFuaGN1M1NuOUVUUFhqMHUyN1NoQnEzYS05NEdQQzZmaHZNSzdyN1hIbUptalJwUWdRNmZZYy1pYWsyWFNzU0NiXzduRXdNR0JudHlJbzV0bU8tUHY2S3JWLW5FaE9sdUE?oc=5
2026-03-29 14:00:00,"Not just bombs, bullets: How GPS jamming is emerging as new tool of war",MSN,"Sat, 28 Mar 2026 13:27:11 GMT",https://news.google.com/rss/articles/CBMi4gJBVV95cUxQemx3a3pDRDJtTUVXMEk2Y0wxalFLOHZLVlA2eHdFX09nQkJodjRMTDduYS1aNS03RnU3TzMzQy1DUlhXZGMxZnoydmFaU0ppWDNkdm40WWtKR0hNcGxBcHdnN0FUQkdvdW9MZkt6MFdiWnd6MUQwZ1NMdFo1VE1qNS1DSWFBcWpGZDNXLS03czBDeUpKUWlOTm5PbXk5TXV2eUtyQi1LS0pMWUl1NGNCaXpwUHJ2TzNxdEJtUGpqNEEzcV9BWUlqUTFwN1hmbmhUVlh3VElBM3pWTXVyTFBoMGxpcGM4SDRZdW1JZ0tOaUdOMlpfcUtOeTJHWHZkNGlvT0hGWS1BYWV5UjJvZ1pUU0FVN1hnRnR3WW81YVlXUnQ4ZHhHNU9zOUtnci1JWGZJeUNGWmVjTVg1WnVVVmdLNjZ6bGZDT2lYV2ZHeDZPNTk5dlQ2UVRlX0FiV2dfTW9HMWc?oc=5
2026-03-29 14:00:00,GNSS Interference Complicates Navigation as Hormuz Shipping Disruption Deepens,Inside GNSS,"Mon, 02 Mar 2026 08:00:00 GMT",https://news.google.com/rss/articles/CBMipAFBVV95cUxOX2U1d0FOQklyYW5BbGZPcjkySl9vYTJ5VjJaV0RaVTUyZUszelVCNnpaU2JZT28wS0V2UWYyc3RoRFFqNWhyRGUwTzhzOFZaMWJ2WnM3S0c3ekpIaUlxdks5dzZ4X0ZqdFRlTmw5ay1hcXlkckZkdlhYUUNxOE1IYmx3NXB6N0JCbkc3ZHBWdnRramR1eVpTZ3RUSnFEWEhhVV92Mw?oc=5
2026-03-29 14:00:00,"Time travel for hackers: how clock spoofing threatens oil, gas, and industrial systems in Iran conflict",Cybernews,"Wed, 25 Mar 2026 12:04:13 GMT",https://news.google.com/rss/articles/CBMijAFBVV95cUxPXzdGeWptMzFzZGdUVTM0V05OT0Z5aFJid3hsZXBkQkExME00dEJhSkpTcXgxMHB1MnJxRjZQNGR2dEhRWlhPV19kdGlCX015RmV3N0NkY3FkaFZ5OXl1VHJ0SW1fOXdUVkRiWElOXzd5MlBIbmllVDBUZ1ZYX3hKWlB5QWFKREtjelczag?oc=5
2026-03-29 14:00:00,News Content Hub - Rise of anti-GPS-jamming tech reflects high risks for seafarers,rivieramm.com,"Tue, 24 Mar 2026 00:03:02 GMT",https://news.google.com/rss/articles/CBMitgFBVV95cUxQbzBjVFhUNWpSUHR6eXhYT1ZfSjN2bXpOZ2FuU25oam0yQWlmWkNrOVkwdldkQUJSRUNTMzdaNWlIQTNtX05GMEpvY183aktxMXNFc25hUFRPV1hzbmp4RFNxSEhNaWMxeDI1NVhiLVYzZTZDbDYxcWFiMk1MbHl0cW5fdi1GMC1iZHd5b05hMElYS3ozZTJLbUlvN0taaGE1S0JrcmZ1T0EtT2NxeFU5TXUxMzZqQQ?oc=5
2026-03-29 14:00:00,What is GPS spoofing? How fake satellite signals are confusing pilots and navigation systems in the UAE,The Times of India,"Sat, 07 Mar 2026 08:00:00 GMT",https://news.google.com/rss/articles/CBMikwJBVV95cUxQNkIzSEc1QzZSR3ZCanBYZmV3WHREMTR0V0ExVXM0Z2ZQYkIwV3J4dXdYRUg5X1ljcmppU1hDbDYwaUxWVEtXX1pJNFFkNGYxVmhTVlZKMUV2bjFVWUNwOVFEOXZfYkQ4U2NZY05keGFwam9vN09nWkozQ0NNUUJleTVPaUV0OV9MaUVRNEVUZHF5Z2NseXVxNklkQ0VOUjU2dXJzMUhQOFY1V19malp0bFFSQld3dGliUWlYUVZmWXhyamlWSklGcjRrbTdQMjRsakhaLTJ1Yl9JQWNKbm1kX2xTYjljUTlMRUpkYWZxclRTczNJZjdJb2VLUkgta0lseGhjeXIzdFZ6bS11N0JoVXh6b9IBmAJBVV95cUxQUW0zODNlV3J6anFzLTdwV2Q0czViU2RhbGVzTUROTWNYczN5Q2diUkFVZHYzYUQxQVJ5dXRibVRWQWtlTmFIUWY4Nm90UXdDaDk4U0hXQXVsa2lGSHZvUVVmTnFyeDc1bk1YQVhiZVZmNUxieThJel82Vl9SLWFWSENOa3o3N0VQa3BuVzEyM2dDNWI0dkpuQmR6ZzNhcTA5NlQ4amJNcVZDVnJZRklEemp5aE5DUnpwejkyYjhldlhhLU9NYzBJdE4ybG5hY1p3dmtRcEpLY1RyUzN1WlByRV9lOHE0OTRrM0pRbGZPWS1vbF8yZ0ZVSDlwbDFQZ29xZ1MxdTQwajFGWWo0bWRPWGNHazktVHVu?oc=5
2026-03-29 14:00:00,GNSS Jamming Spills Over into Europe’s Longest Sled Dog Race,Inside GNSS,"Thu, 12 Mar 2026 19:00:03 GMT",https://news.google.com/rss/articles/CBMiiwFBVV95cUxNbVlkWGtoenB6YnBOZjhqMkdIR1Vwa2hId1FSdno0a1lzTTNFVUVnWW54SHo4VVZId1VlZnlFWjhkWEx1c1VCQVRwQm9tRWcwaXhNOUk2NWpUZGtNeWNrTjFxV05HZ3BsYXJTbzc5cnI1ZDV5Q3JiWFVqR0dhZkhLRUs4UWs0LUNiaWNn?oc=5
2026-03-29 14:00:00,The World Is Full of GPS Dead Zones. Here’s What Comes Next.,WSJ,"Fri, 06 Mar 2026 08:00:00 GMT",https://news.google.com/rss/articles/CBMi7AJBVV95cUxQQ05WeXhWNjNNUnpiMzhtaXd5M3pPVl9NV0VYVmYxckVhMXh3U2FiekRJOW9ocTJBUWpMZ0dnRVRfTEJjTW02SUtGUTZlSTVrckxjdldibWlYd01GYmJ5WWpLYWJ4Zm9MVHNLbzlJMnBNTTJWemJfQ2ZfWGFQaHFQVTJ6dEpJSDVIZmNtYXh6cTNyM0FoNjRWLVhPekdIWkNUcmIxUDh5c0JEUE0ySGJOaXBaa2x6N05oYkZKNUxkZzVFVkc0WWRicVJ1OXpMci1MckdxUzMwYVI5Y1hzdktaRUhVYzRfdDh4TG15SlptSFRoMm9URVJUOFdYQzdsc1ZKNmRSNDQ5VVEwQ1Q3SjZoRmRvN1lRTzltdHRjb1hZY2ZYQjB3S3dFSEpaNThWQTlxTVBuczlxVmxLRXdSQXFPLUlOUXF0ZnJoS1RZS0RudEFMYS1yNVNucnJuMXFnLWt4MDF6d3g1QmMxRHZC?oc=5
2026-03-29 14:00:00,How the Middle East war is showing what is not right with GPS system,The Times of India,"Thu, 26 Mar 2026 10:58:00 GMT",https://news.google.com/rss/articles/CBMi5gFBVV95cUxPSVNOQU5rM0g0OHBrTzJmREFqQkFRR1JMRVZWbDNFVmVKX0hPQ0pXVmpsSTBBSk52SDJ2czdOdWtqMUZZZ2FwZWYtRjMyckJUeE1fMThvc3piQWhmNFlVd1hVZEJrUy1hMzhNdFc5SGxmdjNPNF9Jal9hOFFwcFpmTDZuSlJKU0paLW1DYy16cDkzNDA4RHdaNnlFSDMxbUd2azF6RUVfaVNPV25wYVRDdVJ4R1pSM1c0OW9kMGlTRUUwM3F2UmFvR2loS1RMQlViVzVNUWVuNlRnNFl4M0NqZDhGbDRWd9IB6wFBVV95cUxQb1VhOWJ3ZHowbXBPQ0ZlRmZObnpleTA4UFA5ZWRLR0FGaVRSZm1HOTJ0OVBfdV9QaDIxVFNibnVuWlp0V0NRT0s3bmFEczB5TVBWVUMtWnpjcFdUZm1QMXdRSnJUVXpqYVNkdHI2bXFvaFlRMVBnSFhranNhVEhTanM2VXltcFlIOTRkNGtaeW03d1B6OHZPdjM5WVVuNkplSG9ZNHRJckt5MnF0cVJkQzJkelZxY01ELVBDNlluRU1DZEFxY0JncWVEbWg5LUVHMk5hemlCX21GRTI3Qjd5RzZyZk1IZi10bk5R?oc=5
2026-03-29 14:00:00,Strait of Hormuz Siege Leaves Sailors Dodging Missiles and GPS Jamming,Bloomberg.com,"Wed, 18 Mar 2026 07:00:00 GMT",https://news.google.com/rss/articles/CBMimwFBVV95cUxOMHVjMG51TlkxdVRSVV9iTWE4RHVaa1lRU3FHRm1mdE1WSlFodU5GUGh0ZWc1TEhTY1owOGVHOG5tS3phYjFtdG5QQVJ2Z3lhRnFRVVFLSWQ0dXlRTU5ocUFWNTZLTnlKVjlRWmRwTWlTYkFHQTlqVTI3UkpkR1Z0RXpvNWdnNi04WEI5SGpRa2UteEtzSVZ3akhFdw?oc=5
2026-03-29 14:00:00,When GPS Goes Dark: Building a Force That Navigates from Orbit to Seabed,War on the Rocks,"Thu, 19 Feb 2026 08:00:00 GMT",https://news.google.com/rss/articles/CBMiqgFBVV95cUxPQUQ3MFVYNXpoYmcxeFVoREs1Z2dVQjFWaHUzdXhuWGJHVVdpZlp6UmlLUTNKRFZxd2VKV0NNSHgwZFllSXNRVFJaMzRheDRVUVdrUzlUeU9iMndXTHZkdmpkbzk5V25oQlZyTTc5akk1OHU0NmFDMy1TZlBXU0JXUXB5ckdVandUYmZzcUROdFZRRVQweDhtSmF1c2VlZVVlT01lZTYwb0ZKZw?oc=5
2026-03-29 14:00:00,New GMV Monitoring System Detects and Localizes GNSS Spoofing and Jamming,Inside GNSS,"Thu, 19 Mar 2026 20:37:09 GMT",https://news.google.com/rss/articles/CBMingFBVV95cUxOZ0F1ejRPT2dwMkZoaWw3cWNpNXJPQzFkM29QempTNWdmOUFPdDdObVdqQzN5a3VmeXRQeERXMXVDMjVYU05VLVAyTWxuYXRGNzA3aWF5UEhKdEdiVG40NHRUZkItajF0azNrMmdiSVI1eFkwOXlIS01YdTNWWjY4OHptdVJaTmZVQnhPMFR0c04xTkY4Q3ZXLWt6a1dLdw?oc=5
2026-03-29 14:00:00,"GPS Jamming Floods Strait of Hormuz, Adding to the Fog of War",Bloomberg.com,"Fri, 06 Mar 2026 08:00:00 GMT",https://news.google.com/rss/articles/CBMisAFBVV95cUxQM2J1Mi1SMmhfQ3ZQU3BSNjBpQUpTbnhBRW1aVjVjenhZaWJOUVplUEN4V2FlZGJHLTI3OVN2VHBzUlRnZ19OaHo3RFl0Wm5DSXhYcGZTOHNqd1QzMG1Nc2M5Y216WXNHSXFXQmpEeEtkT1ZncHg4WDhULVdmVFpsM2N0ZTcyWlZ5aWhpMXB2d21oSnpGd0Q4M1lVaWlrR25YUjljME1yZngzY1dzODhGQg?oc=5
2026-03-29 14:00:00,Signals Before Strikes: Electronic Warfare in the Iran War,orfonline.org,"Tue, 24 Mar 2026 13:05:34 GMT",https://news.google.com/rss/articles/CBMinAFBVV95cUxOZm9ka1NuVWp2MmdTUkw3Y1p3OXMxVjRHdlBKT0YwTTZRYUdYY2lkSzc1VEJWQTZNUmEwdFYzejM0eEFFU3dvNGg2VVAxZFZ4RzRlYjM0WlpQVkhzakV2eTNUcFZtWXZhU3Q1ak9DVWo2dTBxeC1KVHVpdFhjbWxVRnJfY2Q3VFQwVEhqM0ZWeG52TW16R1JFd1k2Ujk?oc=5
2026-03-29 14:00:00,Why AI Vision is the Next Line of Defense Against GNSS Jamming,Hellenic Shipping News,"Mon, 23 Mar 2026 11:01:41 GMT",https://news.google.com/rss/articles/CBMiogFBVV95cUxQbUZhd0xQcGVlQUV5cjYzb2Q1cmNDbm5QakR3U2NwM3dWZUFveVZYTUREOXBzMkhwaXFxWFN0eE5GVm9WcEZJZVRiRlNEeDR0cVAyTkNZNEltMVNKSUtXMmtJT2JJLTBVYjhHVDI1dDBjMzFOTnJGQjJhbFNIdDRtUmp5OVh0dU1pdkxZQlp2YnZnaE42VFJqbUw4dk0yOHVCanc?oc=5
2026-03-29 14:00:00,GPS Spoofing and Other Challenges Prompt Additional Coast Guard Adaptation,AFCEA International,"Thu, 12 Feb 2026 08:00:00 GMT",https://news.google.com/rss/articles/CBMiuAFBVV95cUxPWGZCbk1SWnIxaER3eTd0LXVtUXFJNXRiZkNockx2RjQwQ19hVXNVSmpuU3Y5dmpmaHMzT1p5bi1SdW52QU1CbjhoeU95WFgyR2w1MVlNRkpiQUhwY2F1SmtmZVBLWnUzUWJHQ2RMWjljQ1VoYlFZdlJyUDBrRW9VR3Qwc2gtMFZ0SmpPYWY5b2kwNl8zSXR1S2NJUFczVS1rS1pDTnFVZWFHREswMEloZUhDb1d0YUxm?oc=5
2026-03-29 14:00:00,How high is the risk of maritime accidents due to GPS jamming?,The Business Standard,"Tue, 17 Mar 2026 07:00:00 GMT",https://news.google.com/rss/articles/CBMikAFBVV95cUxONWJyOW5DbWFSVEZXQ1hNQ3dhVG9sckg4N3kyTVBJSE5BT1ZSX0FjQURlWWtZN2FRRHZFZFdBY3JwVHZqcHZOOTVKYWhmT1ltX2M5djk0ZzBmWjM5c04wU0M4bVQ0RGwzcVpkcHZXVy1JWlhJeU12ZE83OFNjTTU3eW1qeVZJM21CeUljSVJrLXPSAZYBQVVfeXFMTXlIZjFhb0w3MUpzWjB3U01US1haSzBFRkxJM3N1UnRpeVJyZExFenJySWtMeXlNak5TeHNGaDFNcFBwbjdEdEN3WXp0VHZtM2NLTXR4SkRXUjdNa0ltMUNUXzBNb2xIQTZHemJORGVFRkZsVEFJcmk5WHY0Y2UwR1dxS290SVRpQTh5WVh3cmRJc0R1bjJn?oc=5
2026-03-29 14:00:00,What is GPS spoofing? Science behind digital ghost haunting UAE flights,India Today,"Thu, 05 Mar 2026 08:00:00 GMT",https://news.google.com/rss/articles/CBMirgFBVV95cUxQSk1EaHkwOG5VaklNa2lPS2tTaW1ZUWdCaWtyZUpGLUpYRW1yNUdkSmZuel96N3k2Q2hPdEt5R0czQXJKT0RIa1dFNTJCeTd4WkkzQ2txUm5UWTdBWVR0V25wOUpuOVlobXcwVWoyTE1XM2tuRkNpSWROdEpKQ1hhUkRTR1hEb2lVRVF0NGVJbVBtbGtnWWp3aWZjSEVadnd5Y0ZPMTRIU0Y1blhteHfSAbMBQVVfeXFMTlMwRlFVemZ1MkQ3SlVzd2lPS0NxbUtaME9jZ0hqa2FKLXIwVDlYR0dxdDAtbGExMVMyWGtudlZwa0Qtbk9LS3ZnSGEzbkdjQkNpTmVkVVd5VGRYWFZjNWU1VGE5M2h6c1owb1BadWRoS082cnVrZWI3cXlhVkg2Ync5eXRkUVFCVHJuRXpBeHJjcXlxRWprUEY1Qk94TXZRYTIyTzZlNjR4Vzg5ZmU3S1VzVTA?oc=5
2026-03-29 14:00:00,Why GPS interference is causing chaos in the Middle East,The Independent,"Mon, 23 Mar 2026 15:17:00 GMT",https://news.google.com/rss/articles/CBMimwFBVV95cUxQSnpFaVBoSHdfbjJfS3MxTk1HXzktbEFuVm02czcxa2dzc09JS1BBNGhCcEFOODU2UFpCV1d4ZEhoX0JoWlBuY0MzNktPblFWMEdWdmo0cVRxNjNRTjV3Y0ZtY0EzNjFJZkdxLVdmQjdiY19raDFwejM2NU1xRlE0bWZ6R3V6TEdwV1phZEVTaks1TmMySmNxVHdQaw?oc=5
2026-03-29 14:00:00,The Real Impact of GPS Jamming on Maritime Operations,Windward,"Thu, 23 Oct 2025 07:00:00 GMT",https://news.google.com/rss/articles/CBMifkFVX3lxTE9kNXJEM0sybzJXMGlkMkxGQ2JCeU5CRnRIMXVUS2IwUXdUdzA1VXQ4dFEwOXloUUJqY1U0cmJOZ1dSblpoZkhSdTV5dHlaX3pfYXUtakJRZEZQXzdhbmhobzhsT3NQbVhEa2NFc05PSkEzRGlocGs0Sk9oRlJsUQ?oc=5
2026-03-29 14:00:00,GPS is key to the global economy. It’s also surprisingly easy to attack.,The Washington Post,"Wed, 31 Dec 2025 08:00:00 GMT",https://news.google.com/rss/articles/CBMilAFBVV95cUxPUVJHNXVYUmw5RlZ1dlFIc2N2a2tZLVVIaWVXbkt2RnNPM182MnNrQlYwN3UyeU9RX2FNRlA5Z1I0NVAtUUYwcGtRYzdaVmE2UjBvWlcyTDEwZkNTelZRZG1pQWVTUVYteFE3d2h1eUtfbTljR1BGNzhjeUJlZHZPQUUxXzZLUzNfX3ZRQzZ1RjdyWkpV?oc=5
2026-03-29 14:00:00,Kaliningrad Jamming and Spoofing Up Close,Inside GNSS,"Mon, 08 Dec 2025 08:00:00 GMT",https://news.google.com/rss/articles/CBMic0FVX3lxTFBaM0dvYjdxdDBSRkswTTFnYlNkOUtHdmtqS1M2S3ZxODFjVGZPTjhxc1UtdGNGMktNRW5KbTFHZ2VhdkFrR1FWbHZrTHBNeVZ5Tmw5WHdoZGpjdmMtOGZKaFdfZS1IcEZrWW1NaUhQQVJJTVE?oc=5
2026-03-29 14:00:00,"Navy tells shipping cos to watch out for GPS spoofing, debris in Gulf region",The Times of India,"Fri, 20 Mar 2026 07:00:00 GMT",https://news.google.com/rss/articles/CBMi3wFBVV95cUxOQlEtWkRYZ0x5TTRIbGZtNUtlM04yYThwVG1CNXhzb2xoZ3dEVXdLYnNqckh0azJjXzJRODZVSWtZcDNsbUZCOWdjZlBlbUtiUDh6ZFVnWTFKRGRfY1U3WlNUcUJ1ZlRXM1F3UF9TcEwxd01VRmVVRlIxdzFoX1lmb2FEaFFsZkdoaERWMm4yNFQ3SWpFMVJxdmR6UUNyZnFJV1NBaTFjcmRya21xTzE1TEh0MFRHcWswRnJTc0RFbkVxV2Vwa1hVNlNJOUlBWmJOUlI0cEhZcHlUUTRPeERN0gHkAUFVX3lxTE00VjZXYXRuc0o2ODFSSDBTdURSTWc1RElFc0lqSllFOS1uWjF0NURKTHh4NE5YYUNpcnE3WHpyMWhQaU1qWFhlZ0d3UjBDejd5RGVpanhPaEZVWDUyV1lYT2NKcGdYUlZCZGtLYXgzX25qaXN1aE9NSlFlZ0tFckRKSmItQVE4LXg2VXRpZGhUQ2J4dHhnYldhamNRdFJWSlJBRi1XWExkUzRWeV9NTHhXLWFKZF9sZC1ZdnBlb3V0VVlrN1pjOWtwVXFTR052M1hZU1EyMnlac1J1bXFBa1BRdjl6cQ?oc=5
2026-03-29 14:00:00,RIN: GNSS interference is very serious and not improving,safety4sea.com,"Mon, 02 Feb 2026 08:00:00 GMT",https://news.google.com/rss/articles/CBMihgFBVV95cUxONWxieHJwRE1EUjh6Zm5WV0NCbGV4bGFWREVJZjNTNzBTZFV5ZTV3SHRJN0ppQWNYalRPVFdRXzV3ZVYwUGJmMmRNd3g3WTdRZFhKTGw0OWJIZEJEQnlHLWRqR3pHQnJQa3RraFp0XzA3R0t0cUVFN3BWelFURmJxNXBlMGFPdw?oc=5
2026-03-29 14:00:00,"Strait of Hormuz shipping risks ‘volatile’ as GPS spoofing surges, Indian Navy’s Maritime Centre warns",WION,"Thu, 19 Mar 2026 07:00:00 GMT",https://news.google.com/rss/articles/CBMi2wFBVV95cUxPbzZHWjhGR01fc2M3Z2JVTWI0LWJFRWpkRS0zVTNONmQxWEdQS3BJY1RaVV9BSmxCbWgtbjdYSWVBdjdGaEdlVTdZcXlTNlQ5MXQ3UmJmRlJmUm1YdWlTQkdWNTktNHFPRXdiamRGdGxNOGZxSVZWWG5ZeW8zR3pXeXdZekgxS2YxMllFV2licGUzWWJ4ZVRaTzVTS1J4OVJZRm9vRzNJdXoxeWREUU85OUZRRklXTEJ2dHdIWU51c3hWUFc4ZDJxVVNScjJPTmVwbGxPdHpreGVfXzDSAeABQVVfeXFMTzRENzVFS1oyNXpaV1ZiUUF5OTRpR2JXaEhjaTRoczY3bzRaZ053WXVDS3dSaVFMeUtZUDlteUlRenVTX3hOcXBmaXRqZDcwQWRYRjhROHZhQzUzVE1kYUJ5SVBnNDQ0WW1rME9tYlZPa0VhYkF3eEFUZlZ5WUNBNUF3STRxQVhKcWRaLVVyc3JILURpZzZhNEMwS1RhblFfZExkQ0paZzl6WU9pNklLbmpwQ3lLeUVXZ1BBZlhGaWlsT2VaZHEyc2xjNHZ3RGg1RFVmWXo4QW1YQWxieEcxQ0k?oc=5
2026-03-29 14:00:00,GPS: the first front in electronic warfare,Resilience Media,"Wed, 31 Dec 2025 08:00:00 GMT",https://news.google.com/rss/articles/CBMieEFVX3lxTE5KeUctLUJRY0FheEtNWlk5WTVBb0hKbkJmczQwNlh0bUNaSGtCSjNlaDg5LVR2N1M0bXUxYWRrSXc2WkJmekxQWHVHMlB0TTdQQ0ZkeS00OXhIalYzQ0FBUHExRDA4N2dPVzBTU1VlNnY2RGhWTHA5Mg?oc=5
2026-03-29 14:00:00,New Technology and Tools Seek to Address GNSS/GPS Spoofing,Geo Week News,"Wed, 03 Dec 2025 08:00:00 GMT",https://news.google.com/rss/articles/CBMifEFVX3lxTE5RaHFia1hPdTJ2MnVJTlpyemM5MWRvOFZSN3VPS21UcE1VV0dTQ0Q0QWg0a001LXVNUmVDOVgyZVJuemtpaWNHS3NjaF9DelFSbXdHNkVRc0MxRnlqd1dBQlVITy1vSnh6MEtmVGRMQ25fR1NlMmx2MFdScWk?oc=5
2026-03-29 14:00:00,"Venezuela Sees Surge in GPS Jamming Amid US Military Buildup, Forcing Flight Cancellation",Bloomberg.com,"Wed, 26 Nov 2025 08:00:00 GMT",https://news.google.com/rss/articles/CBMib0FVX3lxTE50d2dWNEZldkpUbHpTS2NJVG9zSlZILThLT2JfSS1sRnR5N2lMNTMwMnJXaFVrMnk4ZGRtU3FnRndycF9mZjFvNF95VnEtLW95REdRZXY5YlQzTkYwbUlOLURsdlVDUHRxZFNoTk51NA?oc=5
2026-03-29 14:00:00,Marine risks rise as GPS jamming spreads,businessinsurance.com,"Tue, 16 Dec 2025 08:00:00 GMT",https://news.google.com/rss/articles/CBMigAFBVV95cUxNREpwbUtsOGF1MU5SSVBRN2dxcnQ0Skdqb01vRGJlVDZzMXlKRm1SVjZpa3loLUVCT292c2ZJVkZHZHpSLWZBMEZTVlRYQmFJcGVidmtBb1ByRDQwZzVYbjVWeVBkVFc5elRyWjVkZldadEdXeWdIMkxYRkg2UnQxeA?oc=5
2026-03-29 14:00:00,GPS Jamming and Spoofing Reported Across the Middle East; Here’s Why it Happens,ITP.net,"Tue, 10 Mar 2026 07:00:00 GMT",https://news.google.com/rss/articles/CBMisAFBVV95cUxNeEF5VExnbU5PM2NtQlNBdFlrYmhGSzlTbE1wSE1jLWE1NE9JaGxDRmZxNEUxbEUwZGE4ZENCRzN1S1FIRWhhaWRqRlVmQkFiUHN1NW9fZEt0d3FlTm9HWnZUTXdHRGlEaWpVTUkzdHBXU1FsOGdSNDVtNlBFc2RGay1vcjBBZW40dFRRR2Z3RTNfdlZmTHZDMl9PbjhILURWYXgtWnVKZnpuOFp4VDdmQg?oc=5
2026-03-29 14:00:00,"Iranian GPS spoofing targets Starlink terminals, new research shows",IntelliNews,"Wed, 14 Jan 2026 08:00:00 GMT",https://news.google.com/rss/articles/CBMipAFBVV95cUxPS1haQm1xY1ZLZGFNYkI4dEdJTEJLdllncXg4dDhTejNiQklrak01YTRXLVNRWlJQNEJiX2xzaXpfNlFmanJqQzF2SXhYbkdJUU5YUlRFbUcxN3QwSVJmTG5pbG94Tm5WZTNsWEE3SjA3QmI1VUNOdGh4b1F5ZFFiQ1JHWXlRLTR5cVJmNE9WOVFiclJLV0t3Z296Wk5qTFNHSUl2bQ?oc=5
2026-03-29 14:00:00,Helpful Techniques to Mitigate the Effect of GPS Jamming and Spoofing,gpsworld.com,"Thu, 30 Oct 2025 07:00:00 GMT",https://news.google.com/rss/articles/CBMibEFVX3lxTE5YcE9lci1TcWh4ZjlDeXdpd2dHWE9QMHdTWWZOSXdjVzVrUjM3ZUxGQzdEbi1hdk9rN1RpM0hoMnBLMS16elhIZDJjWDZWUVB2cEF0S2RjR0xMOFh1eUNGQktWUkJ3OUIxTEZJYw?oc=5
2026-03-29 14:00:00,"Hormuz erupts: Attacks, GPS jamming, Houthi threats rock Strait amid US-Israeli strikes",Yahoo,"Sun, 01 Mar 2026 08:00:00 GMT",https://news.google.com/rss/articles/CBMijAFBVV95cUxNQ2I3aGItcG1iRXotTVJ5dWxTR2dHR0dkSWU5VjRKeDJTRG0tVWxtSWhpZEJPc0VaMXpQSEw5X3g3b041RklqdzQtXzd4QWR0bzUzRVY2MXBqMjdNbjRRNDRxMU9NdWJsOWpVZ3k1Z0ZkVmlwNll2cmlyeTFYS0xtVG9YbWJFWjBUR1hXLQ?oc=5
2026-03-29 14:00:00,GPS Jamming and Electronic Interference: How Electronic Warfare Disrupts Navigation Systems,INSIGHTS IAS,"Wed, 11 Mar 2026 07:00:00 GMT",https://news.google.com/rss/articles/CBMiiwFBVV95cUxQSnkzZjNlc1ZfblVoT2J4MnRYUHh4Q29QQlRzRnk4T2prS2M0ajduU1dob3lURVZmODVkSXFyOG0tdFN4RG5FWVpLeDRwTldVNXdCWEF4azVpeUhiUjZlLXdFamVDdHZVejZIbTlKZjZEOURpcUlhdTVlUlRrc2FHTlFHdlB2cXo5T2xr?oc=5
2026-03-29 14:00:00,"GPS Spoofing, Meaning, Incidents, Latest News",Vajiram & Ravi,"Fri, 06 Mar 2026 08:00:00 GMT",https://news.google.com/rss/articles/CBMiZ0FVX3lxTE42SUhHdDQtSUh1NExsTTVOMEJwMHhZZ2kzeUpZQlB3UnB3NXhCVmgwWTZ5NVlNanEwWnN4WmNnN2trMDlYSlRkU2hMaldwWHpQX0drQ3BqT0d3dnZpZWdNc2ZUWjY0NG8?oc=5
2026-03-29 14:00:00,Study: Baltic GPS Disruption Comes From a Tactically-Controlled Network,The Maritime Executive,"Mon, 22 Dec 2025 08:00:00 GMT",https://news.google.com/rss/articles/CBMirgFBVV95cUxQSXUtQXlUUTdTbVJtOEF0YjhYWmUzVkgtYWZKV0RNRDRlOVptTzNxRVhzZVVvRDhwN0Q3Y3IyWG5uaHQ1RVVTcElvUVFJcExMemNGanZNMEFmU2hJVlp6SUtNeE0tNUVnd0hyejY2d1gtMENLNFkzWGhYbDFuU3hJSXY5VWQwMGFzd0xnMXlJUnVzaE9QekVQclVaUnFvNkI1OEVMYzdDSnVSbWUteHc?oc=5
2026-03-29 14:00:00,India’s DGCA Issues Addendum to GNSS Spoofing Reporting after Delhi Events,Aviation International News,"Tue, 09 Dec 2025 08:00:00 GMT",https://news.google.com/rss/articles/CBMirwFBVV95cUxObnd5b2FyYm9VOVRpdzRoeFhJOVhnRXFoRkVRM0tYZ21vVklzX3RsUFN0QjZ0XzRyMHNwdkRfOFFKc1BUd1llRTMwZElSVTNtb1pKUlRYVXh0X2ZBYTd0cnNtZUpBR2MtUk10Vk9VcUp0TVNibUdsd1ZyZVBNTDA4U2diQUhWTTRZcGVyY3JqQzVMemRmTlRWTVhhajkwd3l3LTZnemI4VVVybGZXMHNv?oc=5
2026-03-29 14:00:00,Iran war sparks GPS spoofing fears: How fake satellite signals are confusing pilots and navigation systems in UAE,The Financial Express,"Mon, 09 Mar 2026 07:00:00 GMT",https://news.google.com/rss/articles/CBMi_wFBVV95cUxQbEt1a2tlc2gxcVE4alluM3c5WmxrX3JGLW5OU0pIR0JsYUlPQmVUVi10ZGhqd2tkeGI3bzg2Q1VhV2tjRHhxblpwSGRVWWZaM2M3cXh4U0NKcjMyOEVXTHBLSmMyMWhOWVp0cnJ5ckR6Z2FnSjRONDlGd0oxMUtqSVgxTGt0OWpGR3pwcWM3c3VqN0hCOWNsZ0ZxUGQ2aXVNZlhERWxCQXhobzFXWk1ma0N2djJJTFl4aHJFSG5iR0ZGTjI4cG5OVWFLYlN1T0k2UVBGR0RKNUxkalJ5UE5LZFNEYndyWnBMckw0dnNTSnJmc2xWOFVtX0pIamhFeDDSAYYCQVVfeXFMTnhpbWZjUTBOZEV6TV91TjduNFhOeVlYcFk4VnBBNi1Ea3hndnMwbUcwaHpoeGNDaERqQzMyOGpXdVpJUVZNSlUyOTgyUHI4cjhKZGR5bThaLURCcXMzVExKN0JyeWl2X2w5QzNjR1ZfemRoWFowWkEta1JoWDBROUd5ZXNKREh3MzR2azY5NXBqSk01SWlpWnZ1VnBaMXhxMGItWk5VU0tLbkFfTXljVEdLTXBqMU9sbndPU0ZPYTlwVWUyZFVReXVZYmVVdlE3cUcxSGpWVXBfQXVybVdIRjc4Zi1ZS0hBT1E4VkZfX3RabGlDS29hV1VaNnc2enBNcVdXTlRJUQ?oc=5
2026-03-29 14:00:00,How GPS jamming works and how to guard against it,incyber news,"Tue, 21 Oct 2025 07:00:00 GMT",https://news.google.com/rss/articles/CBMiiAFBVV95cUxPZVBFSHc4MUlyWEI0ajFTRDY0NkpleFJpdkhxaElXMmVpSlpkMGJHakU4bzQ3NENBSElOVTNKVlZLTmZjZUZ3QTVScU43U1ZoNHJtSUFWN213SmVZd2FNNVVsb3RNU19TOE1jdWhUeFZ0NmZyX0Z4c1dUY0VVaUdYaTF4am5sY3J2?oc=5
2026-03-29 14:00:00,"Surge in GPS jamming and spoofing incidents: How aviation sector is responding to this clear, growing threat",The Indian Express,"Sun, 14 Dec 2025 08:00:00 GMT",https://news.google.com/rss/articles/CBMiiwFBVV95cUxNOUxoS0dpbERIZFM3S2NjdmtNZjlJSWZ4V1BlN0FlV2dZVXhLVkVnckhJZ3pjVUxXSjBnS25FRjBmd2NDZ2lqVG1ndjdUa09SQWdST0VqTnJvWWNHNHUzUWVhVDRSb0ZoLW1Kckl0dWZaVEZJS2E4MkUyRzRrWjdqSEczOTU0b2FZMGM40gGSAUFVX3lxTE9xRVlaVnBfZkkzTTVyU2pueWc4VksySkRWWnpPb3ZsWnFya09zYUlLaWRfY2E4LUVKZ29meXplbEJoM0o0bW1iWFU4ZEVWb3FXUERrTjFZWGxfOGRVUnFEYldHSkJSWHpKQ0EtYUl5TXBXUm1YcXkxQVdDMlhwZXhXcDlXb3VKdFhnMFZhQlk5dEp3?oc=5
2026-03-29 14:00:00,Indian government reveals GPS spoofing at eight major airports,theregister.com,"Wed, 03 Dec 2025 08:00:00 GMT",https://news.google.com/rss/articles/CBMiakFVX3lxTFBYUmpiQi1XZFNsVnZrcnNCVy1QYnFjQ2pjU1ZHbW1pUFVGN1dGcWZJVVRtbTJJNTBBMUt1X1NLcG8zVGx3Q2ZMbGR2OWdWOFVBcE9nYllrMmNWeEFIa2NVMWxLTkVBbzhWS1E?oc=5
2026-03-29 14:00:00,Electronic Warfare Puts Commercial GPS Users on Notice,Dark Reading,"Tue, 21 Oct 2025 07:00:00 GMT",https://news.google.com/rss/articles/CBMioAFBVV95cUxQN25yVzFTc2M5bDdOLVE5ZGpNMExUd1djV0lNR3duN2swV1dscjVzeDh3YXNnUHpvQmlxYTBRdExlX0ZyTVg2Tm1oV3I0QVM5RXI1ZDBuR3FLWEh5LTNfNTZhUmxSblJoOEo5akJmTEViN2tUQ1o5cWd2YmRqMG9oY2prWHl1MGtJcHVIYjFneDV2YUlQQjI2OHJtYkRudkJv?oc=5
2026-03-29 14:00:00,ICS issues bridge poster to help crews spot GPS jamming and spoofing,Splash247,"Thu, 12 Feb 2026 08:00:00 GMT",https://news.google.com/rss/articles/CBMilgFBVV95cUxNLWduNG02ZjJIczMtTkRkTEVyTjQwNnlaczF1cW53TkZESUJMelpEaTNCNjlHcEhjWEJQY2lUbkswNlFPVFJYaUpkbmR5Z3RJcE5zYW1ubXkzV05nSnFEaEEycEFVaDBJRFlZczE4eVUyVVU1RUlieGZvZTFBblNtRWp5ZDNrTTZZQy1kVk4tVU91dGhockE?oc=5
2026-03-29 14:00:00,India increases efforts to collect GNSS spoofing data,gpsworld.com,"Thu, 06 Nov 2025 08:00:00 GMT",https://news.google.com/rss/articles/CBMihgFBVV95cUxNWk1aVXo3WXZsM1VhSEJqMVFTNUJsZW5ZNDNBSTdZamN0R1JRMWxrX2ZiX0NsZ0NnXzBtaEMwWUNwUXk2V2FKVDdObDNnVDlKREZHU181LVpUbjlkVVY3bHJRNEg2WkFHX0dUbXZCQW5xeVhFVVlLTXpZZkJrRmdzTkZKVXExZw?oc=5
2026-03-29 14:00:00,PNT Security Alert: Protecting Geospatial Data Integrity from GNSS Jamming and Spoofing,Geoawesome,"Sun, 26 Oct 2025 07:00:00 GMT",https://news.google.com/rss/articles/CBMirwFBVV95cUxPb3lROVFNUHdtcWlNZi1FVjlhbFJzVUpoVUwwcU9PcWtsVnJwU190QjA1cXZMbExDbVBVcUpDU0w5U2xrQW9UNG5HMUJwTnFMV0RNUzV6ZUI3T2RCa0FLS3FnQTR1bXJJSER5cmF3aHcyZnRFWW9MOVIyaW9DOTBSSjdKM0t6WHJwYWUyOHpjd2x0WnpRVTdXOUNKTUlZbjBORHFsbmtuUmNkN0hrYTVN?oc=5
2026-03-29 14:00:00,Russia Ramps Up GPS Spoofing to Conceal Movements of Shadow Fleet Oil Tankers,UNITED24 Media,"Thu, 15 Jan 2026 08:00:00 GMT",https://news.google.com/rss/articles/CBMivgFBVV95cUxOSVVTWXgzbjVUaEdEcXl0aVpBMHF3TW1jaDhVeUZtdlBZdXk3MmI5T1ZsVi1SUncyREVwa3FtUWFtcFRBMWJTRmNvTmk3dklrQXZhV216dk9rSWFXVG1nVXZ1SV9fY0hZalZKOG1GeDV1WVN0YjlGc0lTd2FyRXoxNnY2aEJySGNuWGJDc1pvTW1iUnd6Mmp5UVFvUWtBRjUtNmlpR1UwREhmVmhyTEY3Z2lvcjU3TlVpSVlMX1dB?oc=5
2026-03-29 14:00:00,Introducing PntGuard™ - the ultimate safeguard against GNSS spoofing and jamming at sea,PR Newswire,"Thu, 30 Oct 2025 07:00:00 GMT",https://news.google.com/rss/articles/CBMi2AFBVV95cUxQWnNqU19nWWprWTZoWkJQd2JqeW1yOUdacG4xdFFGeEV1cTBSTU9JQTdlYUNvdjdhM2k1N3FzWXdjcnllc09pa29HWWVEN1g5LU9rM0ZZdEtjMl9YZm1BVjNZQzB2QVpZRWs2Qll0UGJ3MFZqYzROak5FQzZVQS03ZWlwcVpEbkFrX2FtUXhRRnEyUWo2Zk5RRktFYlQ3b3RuNWlnUUVEZFl6Z2RvNTZSZTZxTl9YaFFMR0gtX29HT2hmc2tNZ2Q4X0sxTTZqS2JybkNVWDkyYWc?oc=5
2026-03-29 14:00:00,Iran Strikes Musk’s Starlink—First ‘Electronic Warfare’ Attack,Forbes,"Wed, 14 Jan 2026 08:00:00 GMT",https://news.google.com/rss/articles/CBMisAFBVV95cUxOUVhpNk9aY25HSEV4MDVWWktwYXRHejBWNEt2V1VXM0ZqYkJqSzkyUlZsNkZsdFVVSC1Tc2Voa2pVZEc1a0RTRnFTUWRPZHlRamplazRMSkRNclpKYlhGWDRfZEZFWUpyeFZOeDI5aTZTNGdrTmlTRVZxemN1YUtBV3RxXzhaalBpTXdkN2JLc3Z6V2RhQ1Jud0RyUDlydGNJd050X0Z4WXVlY2pUbUlwaQ?oc=5
2026-03-29 14:00:00,PntGuard protects against GNSS spoofing and jamming at sea,gpsworld.com,"Thu, 30 Oct 2025 07:00:00 GMT",https://news.google.com/rss/articles/CBMijAFBVV95cUxOWFY1ckZkUE9qNnZGOWRpMFA2emdWcEdnS29NX0JQdmVuMlpDd3R4aDNrR3pTeUpIaVBXdWFYYVdFZkRlT09FTGwxa3owRS0wRFFLbFIydTVLalRtTS1uWTYwaGdmVmZNd2FBVXpPdTU0QlQxX3BYaVBTUWpYSDNpYVRReUo0ellwcUlScw?oc=5
2026-03-29 14:00:00,Indian Airports targeted by GPS Spoofing Cyber Attack,Cybersecurity Insiders,"Mon, 01 Dec 2025 08:00:00 GMT",https://news.google.com/rss/articles/CBMimAFBVV95cUxQRFNrbVRSb0dMNmtrZkNUT25XS3BpRzI0X21oZE5YeU5ENWFhUUtQblRzVkFNTEhFc1YzUWxwZlpOdTVObTlmMkcwVmVSZ2x1UVVMZXZfQndJR1d5YkVJb0o3eHlPenRwNVUtWDBacjdTcVJfeUlFMFhxelRyUmx6UEs5LVJQMWozckVWOW83Ym04THZYc1FYWg?oc=5
2026-03-29 14:00:00,Cyber Risk and GPS Spoofing Emerging as Key Maritime Safety Threats,afloat.ie,"Fri, 20 Mar 2026 01:40:35 GMT",https://news.google.com/rss/articles/CBMiyAFBVV95cUxPOUZhZG9BYTZHMDdXRU9qYzQyZW9CekNZY29KZEFfT2dwQVY5cS1udkI5TlUyQS1EaHU0VnNsSUFqME9KY0VVdXZQczc1NDkxSHh0OG9mOW1FOEw0Rk9KenJzdDJSb3o4TFpOMXNRNS15UFNRTmFjYVI4RGpZTDA2V1hnWEx1c1VNaTFPdmhoWm1DZ1VKR3NfUFhSOFo5TVZ6aTlCdWk3NW9PRWRVYXZDeElXV0llT0V0OHdMNTlDb05qeFYwREFsbQ?oc=5
2026-03-29 14:00:00,"Instances of GPS Spoofing Reported at Major Airports Across India, Says Govt in Rajya Sabha",TheWire.in,"Tue, 02 Dec 2025 08:00:00 GMT",https://news.google.com/rss/articles/CBMiygFBVV95cUxOZGp4ZEZnN3cwRm43QktrT0wzd2FYVUIxRlhkdVZmaTZKQnBMZ0c3ZmdZQXVTaHJ5aFlpRXg0WmVPZjVzc25kVXhtNHhDS1dOaHB1NVJnVjZKNGhRTjcyd0pTSXBvenRBZk5RMmtSdnpSbzBBX0czaEpQSnk5NzZCSERxZDhseTdLSXlpSWZUQmVNVlpDaGZPaFUtaDBhdXN2dHpGMHlDaDNCSkdBRkpMbEVoRXJ6a2FyWnpYNEthX2M4Uk01OGRvN1VB0gHPAUFVX3lxTE9NSjJtTmlJc0ZOLW10bjU3TUdvQ3I0RzQ4UUhDbE5WeldfVGF2X0wydVVWVGs5ellGRzU0VFdIXzNhUmFybXJrMllhU1NMWGF3dTM5U2Fvb01PWjlTcGxXQnBYdjJ3cVA3cEctaUlXdGI5eFVPOGtWOFppZ0tuM0U4aUhCOGd2NlJwcXM5N3dPU3pqY0l0TW1IdE5Ecjl4LWpEMV9zYS0tRTlWWDBaSEpsay1QZWdIRXRxTzlFS1J2NEI1TXZ0bkJIWC1KbHpEOA?oc=5
2026-03-29 14:00:00,"US and Venezuela jam Caribbean GPS signals to thwart attacks, raising flight hazard",San Juan Daily Star,"Mon, 22 Dec 2025 08:00:00 GMT",https://news.google.com/rss/articles/CBMivAFBVV95cUxOVmM2RVpWT0Yya2tpd05TdXBOU2FYcU1KeDFjSmp2ei1vYWRzUTZpVnpJYXk5TDNFYjJCenFURkpzZHRGZ2NHQ2psSC0yeFlHYTV6MDBiMHVlS01vZG1uVVFqNnU3U0NNWE5fSktMLWhhUmM5LVhVbDZoZmVydHJPbF9sLVQ1bi1BRVN2VUxOTkF2N1V6MlVtYl9GSWtMVEM1LUt4cVliQzhKUXdia3NyS2xka0gycWZxLVhFNg?oc=5
2026-03-29 14:00:00,What are the threats from GNSS spoofing? | Explained,The Hindu,"Sun, 16 Nov 2025 08:00:00 GMT",https://news.google.com/rss/articles/CBMitAFBVV95cUxQZS1aNWdNMm5qUE4yekdUalZSUVpCdGZfX3k0YWo1MHB1X1QyWDBxZGo4ekVCT1M2TkZ5SkdjQ3VqWV82WmdsRHRMR2VXbTdPTzZOUFZUZVdKLWo2ZmYtekEyVFAtMnh6NWljekhGS00tck1abGctVnEzRnprVXFScTRBNDZuUnBRSXdMUS1aUE1ueE4tbHV1cVF3bEc4RUJFMDFkT3VTOFUxeHNRUm15a0FjSC3SAbsBQVVfeXFMTzY1bTkydEhuLUl5dzJBSUNKeWo2Sm9XTUpUNFc5T3ktZ1N1RGZFQW9uNy1VbDlmWDN4VVlDamI3YjZpc2VHXzVFQklFamN6d05sbVloLWh4d29BZUVnc09IT1dEN3pick9xVlNYcnRJdDRYT3MyYWhPSkNIcGxobUJKSy12Uklxb3RwWnkwbmZVTXh6VmhPZklOMHFBYTdFem1ZUVZFNWMxVmNJVy1NQl9uSVdpcUItdzBldw?oc=5
2026-03-29 14:00:00,Companies collaborate on GNSS spoofing and jamming solution,safety4sea.com,"Fri, 31 Oct 2025 07:00:00 GMT",https://news.google.com/rss/articles/CBMiiwFBVV95cUxNazNhcUJyZXF5TzRPbWpIVm5CMTd3aF9zc0o5WlNIa3M1bEU5anFuMHkxYUdyOVJOcnBJaldTUDF4RDE2c2VKX1pETnNsSlpWQ3FMbHFOY255dHRPMXhKaGFOZXQ0RnZiX0V4eXd5aGpESEF6VHBiVmliWGtqWnk1Q2FtdUN5dFY3NElz?oc=5
2026-03-29 14:00:00,RMI: Key measures to mitigate impacts of GNSS interference,safety4sea.com,"Tue, 07 Oct 2025 07:00:00 GMT",https://news.google.com/rss/articles/CBMiiAFBVV95cUxQYVBhWmlSU3hzdTBrYkdpMERrNTVkTW9lRFlENDhxWl9QdU9UeldwSUc3aWowR05HR0M3aGF2RTBNby0yWkgyV1BFT3FWQlpUZGV6WE1ZTUZtMXlNSjFycERmUlpHSUJQV1RfSHRCa1RXTTZDa2tlN2JybGU1X1M2alVzaVptbkpr?oc=5
2026-03-29 14:00:00,"GPS-spoofing is now a global threat, so what are nations doing to fight it?",Business Standard,"Thu, 20 Nov 2025 08:00:00 GMT",https://news.google.com/rss/articles/CBMivAFBVV95cUxNNnUtbERBelc0amJhU28yZnpPaG15bWlVdUVIeFQtbEJiOUhHWnN3NmpsOWhtSFhSNjZpNE0xSjdZY2JUUDBkOHBiRnVqN1NHRmdaU25JNGhlOVZoM2lJRXdiZUxjRkpEMDk4ZVd1Q0FJOWRCUzduWGQ4MkpObDVId21GdjViQW1GSWk0ZzU4dnBKTmJ3XzNrR3FRcms5NVRfNVhUZG9uY1lJZDZnVlJBQ2FoZlNQUTd6Y2JSctIBwgFBVV95cUxPR1dSWEkxQVBVdTV0eVJub3NMVTV2X3pnZkJlWVA2RTMzX3IyaWJ5MVdxYjktR0Y3c2MwVDhNRTVYZGZnV1VMQXdoZ2h5bzV0cEUwSE5sazNUcWZWdmtZSEw2YS1KTHI4U2pWdmxub19xVnMzZllTUlNWWDZ5OVZBclJla2FGelZlT0JNVkFfRnJsTTFsTWlxc21ra3dkdnZWZ2V0YktJc0VZM3J0eDhPMExYbWhGZG5uYVBoZjRjdFZHdw?oc=5
2026-03-29 14:00:00,"Chennai, Bengaluru among airports where aircraft encountered GPS spoofing",The Hindu,"Mon, 01 Dec 2025 08:00:00 GMT",https://news.google.com/rss/articles/CBMiywFBVV95cUxQU2pOWjhhT1RhOWZEcEJPMTFDcGk5SDVHSjhfcU1Wc21TbGdPZlpyVVhzZHVkcThqdHRZU1lwS29ZSGpyQ2x3aDc3eDcwNzloMHdQWE5FMi1PMWVFZUhtbWVPSmZSeU9nYTdRQVJyaUlFOEs5SDR4dW9ZYkZYYWxmU3FYTnJiRjV1bVZ1bno0LWRBX2NwWkdVelQ3cG5xYXFINEl0RmlwWGxwcjBhWllRREl5bVFHS2VhcVhsWEpUeFhpWm0zSzY4UW1PTdIB0gFBVV95cUxPVGZsdUE2VTFHNUtjd2lWNTFJVUxrRHZZUGF3R3pOSEtoYkNKRnNQMUdyYXRJMzNYZzRnUkNTUXN6RFhtajVkc1BEcVNHRXdERExLMzFQLXBkUk84bVRDeGQzYXNKRzg2UmtSQ21oYzhJZC1NbXJrMUNPMU9RRzlEc0U0UzJGbHR2TkxWcTVEMHhiME91LVVZVWtBX0tRNU5rcWxzTXZyN2pUSXlUNzdFdkNpRDV1TjdZcVk2QUs2akduVXNuQ09tTDYzaU5XZkJSQ0E?oc=5
2026-03-29 14:00:00,"US likely jammed GPS signals off Venezuela coast, expert tells Sky News",Sky News,"Wed, 05 Nov 2025 08:00:00 GMT",https://news.google.com/rss/articles/CBMiqgFBVV95cUxQVk5Cc3hFeURmSVdLVjFmTW5UOVEyaHJ2dXYxMUFPaWl1aDkyUU5DTERBdDRNQThpOXlZNHJhNWFGcEZKdkdPOGctcGRIZUdZR0E2eDRTVi1nNDQ2V2JlVE9zTVdycmEyTm1aaVlkNlEySjhWYXB0cFNqRkRfV0lxbVY2WEk1Nzl6SEF3a3BSTlNyVEJ4RklicWdGRTZjb2kwNEUwZERvVjAtQQ?oc=5
2026-03-29 14:00:00,Addressing the escalation in GNSS Spoofing with Data Fusion,Cambridge Network,"Mon, 10 Nov 2025 08:00:00 GMT",https://news.google.com/rss/articles/CBMikAFBVV95cUxPY2liYTZjdHRzUW54ckVROVNpc25KY3IyY0VmNC05M0lNZHdyckVNaVlfeGNvTW9yMWp2SUUwcUJxZWJ0QVVHWldQc1Y4aWhBalRiSDFRRS1VbmFaNU5Mc0VDVENpZVN5X09xVWNQdVptdzFtVjJGeDhYSUZETU0wSS01Y2xfZmNPNkZybnF4WVY?oc=5
2026-03-29 14:00:00,Understanding How GNSS Spoofing and Jamming Threaten Global Aviation Safety,Aviation Jeta,"Sat, 08 Nov 2025 08:00:00 GMT",https://news.google.com/rss/articles/CBMic0FVX3lxTE1jSTdncnd5Zkptbl8zdjRPSEdzbjVldGhXVFpwSjdWS29tUW1pNWlfV3EwVURPX1lZc1dfZmVJdDRNOFg5OVpydnF3a2stS2pELTQ0NDBrRG41T0IyV3NpV0ZEcXRwZ2ktc0VEWmw0S1NUVjg?oc=5
2026-03-29 14:00:00,NSA starts probe into GPS spoofing at IGI airport,The Times of India,"Tue, 11 Nov 2025 08:00:00 GMT",https://news.google.com/rss/articles/CBMiuAFBVV95cUxNODhFdDJTdHkwSHBBLTdVSWZLOVo0QXRrcHpGcGNPVzBUOE1IUVd2T1M2VC1lc1J3QlF0LU9va0hrQUJjM0ZVbGN5SzA4ODFlOWFVQ04yY3VrbkZYTWFkM2tvQThVSTlXVXpmalVVckUydHZiSm82c1NYYlZXZ3hKdDBORks4QlVyLVFyZmM4bGExY0lWQ3djcnhBR1dvMlM4WnBueGVlNnp4XzNaY1EyOG14d0I0T25z0gG-AUFVX3lxTE4ta2JMdktFbmh0WldVR1pkYkpkWGNyNlZyaHlZRFY5ZDBYU2lQRlg1SVpIb3NWTFJjdVBsZXEwQ2xMSDB5bnFxZG4tUzFNUkZIZm9Jb1JmRE03VDJDRUkwOHdFMk9rdkNra25FRHBYaWhIN21zWnlpdDFMOEdFU0tKWktITml3dkpqTE9LeDdIb1JST01HNHhTV0hVbkh4WXhqSm1OcnlhQWNFQmFoRWRZVmE2UDFrSXZaS0RGdXc?oc=5
2026-03-29 14:00:00,How to avoid GPS‑spoofing Cyber Attacks,Cybersecurity Insiders,"Mon, 20 Oct 2025 07:00:00 GMT",https://news.google.com/rss/articles/CBMikAFBVV95cUxObnRuQ0QzSW5KNi1uOFhwSThNYnU2MFBReEhIdDBRRmpTU1FPTDZ2VVh2N2pheGN0WDBzREZ0d2hMa3NDbWo2bDA2a1dGZjA0bllPOEN6VmxISTNud2xVakJ2ajR1WGkyMXVsX2RadG1ZemxGYnZDLUFIaXlERFdEb2xzUDlLRGJjOTM3aHJVWU0?oc=5
2026-03-29 14:00:00,Russia’s GPS interference is the new normal,politico.eu,"Fri, 10 Oct 2025 07:00:00 GMT",https://news.google.com/rss/articles/CBMijgFBVV95cUxQQUpPYkZ6dzkwN2FDbHFFb1hSSWNwcXFrSWxyRF96VHNaSUNqMFlod21PeHBzUG03MExXVVRvc1dCdy1UZ1d0VWpYdDMyU0Jwb1NuWFhIOUVwOGNaVC1lQWtCdkZyNDVDS2duZV94N2paeV91dWdRYWdhZFlXeVpMdHJCemlQeG1tdVJhLTNn?oc=5
2026-03-29 14:00:00,Ambiguity over GPS jamming in Iraq fuels speculation of foreign interference,Türkiye Today,"Thu, 30 Oct 2025 07:00:00 GMT",https://news.google.com/rss/articles/CBMivAFBVV95cUxPZmdNUWhjb0duS2V3cTRGWVNyTDRWOTVhM2w4SlZaUVowV0FtYV9mSVJWQ29kVEhJbGNXWTVHUHc2S2hiM3lNdHNPY2t4TzdINTBSVGc2cWY4aHI4S0xkRU9fQUVhSE1hU3lWa09NTzNmOW15dGVlcmVaLWJIZHFFbGFZenhUVHF1cm1fZ1FGUmc1anFkcHh3SXUzd3JwXzd3UE1EdUFBeHlWTnljNEJiUWhpY3pvcXE1Z0IySg?oc=5
2026-03-29 14:00:00,Dozens of flights forced to abort landings due to North Korean GPS jamming,NK News,"Tue, 14 Oct 2025 07:00:00 GMT",https://news.google.com/rss/articles/CBMiR0FVX3lxTE9FU1pfelNmQ3NJZHNSQ1BpNDZWTkQyLTB3Zzd1LUVnNk5tTlFiRjBPalhBSVg0U3VQbmYzWUg2OGVpTEF2WmVB?oc=5
2026-03-29 14:00:00,"GPS spoofing, GNSS interference reported at Indian airports, telecom ministry agency asked to help identify sources: Govt",The Indian Express,"Mon, 01 Dec 2025 08:00:00 GMT",https://news.google.com/rss/articles/CBMi7AFBVV95cUxNNlJ0M1NEcTd1cXM4TmJCNEJ4UUZzZHFfQ2NEU2I2VG5rcU5KNWxadUtSQkdJOGVmeEUzWU1zU1dGVFYwcjZ2anYzWjVadzhKVlJyREkzaFpwT09vdnp5SHVhM3RZSTNQd1MyanFLVGIwNFgxUG1zbmFpOWpEUjhjQS0yYTNRTGh3eVB4RUJkZHpXcTVYZHRodWM1UktFeThMQ2JMLTFsREVQcEJITG02VkR5ZHU5YklPOG9vZGVoVjBBMGlhYm1RSmpkN29sVnVBTkY5Ylh5T0o4ZkpZelREN0dRZ2xZamRKQ3dOYdIB8wFBVV95cUxPUUZGNmItSDBWUmhIZkFIUk03ZUJtNFRZU1FCVkVXWlAybUtUU18tenM0bFJEbWxSN1pTbHhYUjNPbHdkTkVlZm5JQlZGWG13c2F6aTdxYXE1LUl5ZERCeHNrMnp0X2pSRTRES2ppb0ZIdERLdXk3RzljaTlxVkFYaWRnMUYzNHdraWRuRFNWd2hPWFYyV1UzdDFFRWZUV20xS0FkTVdHOEdOLUpmdHlSeVY3V2JKNXA0SFhISXNTU2VRa00wZlNoMXVaRVM5aldkT2lKXzY4U3MxMW9ncmlsSGJkU2o2b2RnSUs2UHVIeVk5VkU?oc=5
2026-03-29 14:00:00,Over 1900 incidents of GPS spoofing of aircraft reported in two years: Centre tells Lok Sabha,The New Indian Express,"Thu, 11 Dec 2025 08:00:00 GMT",https://news.google.com/rss/articles/CBMi3AFBVV95cUxNYjJQXzB3MUpDQi04a1ZJSHdyTEstVHB6eGpkcEVMRVM3Nk9vbUIzZjlORlYxZEh0em1iejZaZkF2SWhOQng5S0tBVWNENFBqT2F1WlBuQ2I4NVAxQURjOTd5YUpIaXNYM2sxZ0p6dFo4YVhOdGkzSVZERW96RkN6dUJaMlVOODVGdkE0d0lQUGd6WEh6bEtrd19IZi1naUtMT3pqUGRXTElhY3dLcjI5WExYd2FBVmhSMjVNXzQyV2JoTWhWZE04UWNKT0JoWmZ0WGJzc2w5aTFfUDZN0gHqAUFVX3lxTE9pZTZZWlhZVzZOblZRZC1WOGtjWnlZbkJwRmgzdGVoSmQ3UnhNVFk3WG5ieEFaTjB1NHZqRUFrVXJjVWwwN1pQSDRCa2NyWFBsTzB1SU1vblRKU21hYWVwWk1ia21JRXdCUEpacnkzVEZ2N0RHN3VLeFBtcmd6dXUyMFVPdFZ2U3RBd2VVQ1BmMmZYUmdkcHc5WHd4YzRpN1liWU4zdjdYcl9VTUlIdlpnYzQwajNNbzdUbGlkZzlNbXNwbTRrQWZEdjJvMWNRU0lLb0pZTm9qWUotUVpsanFQSjVoeW50VTEzdw?oc=5
2026-03-29 14:00:00,UN watchdog slams ‘recurring’ North Korean GPS jamming for endangering aircraft,NK News,"Thu, 09 Oct 2025 07:00:00 GMT",https://news.google.com/rss/articles/CBMiR0FVX3lxTE5BZUNISGZXU1hZa2g3bUhwSWhYWk9MZkhSMlFiRkg1ZU1rS184SExndTVSV1JLS0p3bHprR1ljcXNQcDNZNmlN?oc=5
2026-03-29 14:00:00,Iridium unveils new chip to counter GNSS jamming and spoofing,Smart Maritime Network,"Tue, 28 Oct 2025 07:00:00 GMT",https://news.google.com/rss/articles/CBMiqgFBVV95cUxPLVJJeWtJMEN0SVZRdjlTazU2UG5UWUtteG9VMVF0SG1aUVZlSkxuNThOWjFBRzJTRjBaNDg0dWxiRl8tNmdZbUFrZktGNTd3cC1GR2lTN01sa04yeVpHa2JORGFpLTRCU09VWlpubTNiZWJrdW5qcllDYWVtcjB2RUdfaldyRkVWeUF1cWNHUVlBSWozRFB0LU5vWDVSdWFEMWVFcUQ0QjNhdw?oc=5
2026-03-29 14:00:00,GPS spoofing triggers chaos at Delhi's IGI Airport: How fake signals and wind shift led to flight diversio,The Economic Times,"Wed, 05 Nov 2025 08:00:00 GMT",https://news.google.com/rss/articles/CBMirAJBVV95cUxNc2lyRnNhQzNpUGtwc0pwUy05RkR0OGRjVW5lQmx1UzV5OVlwSWhVOGlnYUtkRXAtWnRwTFY0dDNyX2Y2b1o3NGhEZnVHOUNIRzR3N3JpakZaS2g4SVI0U3RKb3R1ZzlBZXpLXzNCNjVtWjlnWEQwVHM1Sk1tYWJ2YjNpRUk2TWRQX3Bka0lmblhFVXFtMjltYmE0dnpKa3JVUmZpREFYa0RjaGtNLVJLcnowM29ocF9vWW56TTBZbG51Q2lLU3BNTTVpVE1Hd1FxSUNNYXBfdDZ5RHhKUGVmYnd0bHZtbUt6NHhocUFHTGFVelR0cGYtWFh6ZTQ3R1hhNUY0VkdRSkdFclFURUh6YjRTYW1yN29meVpOdmI2dFc3TnpBU2pRUjF4cWvSAbICQVVfeXFMUEJQVDRqS2tVYUVXdmRrbHd6S2dWNDBWNU1DUW82NGhmMHVPdUVobWVEaUNLTmZzS2x5Sk1XaTJiQldLM0F4dDM2V3ktYnBPbndyTWNsbngyYWZaUVBmYkxEbnB4c2JYZ1RVZXd4VFZEekJpcVF3R1FkdGJyZ2U5eWd6bjFTUHZCZ2drUVVONUE3X3ZLSWhWTG1heVBGQ0NtMFNfQzRhdm1YWWxqMHp0LXZzaUdpOWxmREMtTmJVc3NzLWhXc2J4QnVjTEFrQ05wY0ZwZUVvN3JuRDlSTDF5aHB1TjRscV8xbHVtLXhGdXZkTVprZTJmeko3ek1QXzZCcHA0ZDdVV190UGs2bWhhV28yYmZuSGlrNTUyMm82OERMM3hCOG04MHc0YzJNM2ZxNVVR?oc=5
2026-03-29 14:00:00,"1st ever ‘spoofing’ scare at Delhi airport: Pilots misled by fake GPS signals, forced to divert flights",The Times of India,"Fri, 07 Nov 2025 08:00:00 GMT",https://news.google.com/rss/articles/CBMi4AFBVV95cUxNTDhEa0VTcFBhMGw4SlRMekFHWVY0dFk1bXFxbWhXZ282X21FTGt1OTAxcElucUxtMUhSV1JzZjFScnFwVWNUYWJhZnRadEI5bzRyb1dFZmVWT19FbDRxT0RoRXVVWU5ucU9wZ3Y1cTQ5aDdLNWFNUjlKaFFRaEJ6dk9lZXN2RjI3RVU2UDlKZDU5OWRfUnhnQlkxcXQ4YUtxUk5pQVhHRXNJTkhqYVE5UjhFLXFPU3I0ekotZWVBMU9KU3E1T1pEc2d2MDJWbC1ENG1LblFQaVM2R0JPOVN4dtIB5gFBVV95cUxQN3NIZXFQbkRMNmFRbW1td09UR3lCaVl0NjdTajZXbF9TTjBQR3hGOS1tT243ZHR0U3B2WEMtal9SR0ZhYXVuNk5HVG9ic3g2RW5lVlFjMkhTMS1PZ0lBVEI4X29Ka1N6bk9mbWtLN3lEX2F4ZTlORFZrcWsxYmpqQnpvX0JtaWIyeFZnVmd4SWtmeHVUVTN3cm52ZkxiMVFZZWpIYUlRUUE1Wjg3VWN2c19qcmoyQnhxZnVTb29BSmxBUG4xamo0RUJEWVFNLWxUa0VKREZwNWJDR3ZiRVNxaW5sODZSUQ?oc=5
2026-03-29 14:00:00,"What is GPS spoofing, common along India-Pakistan border and now disrupting Delhi airport",ThePrint,"Thu, 06 Nov 2025 08:00:00 GMT",https://news.google.com/rss/articles/CBMiwwFBVV95cUxQd2ZrR3E5ODQzRGw5Nk5KdHFQd1ZXQjNYN0dtbk5ub0tMWVB2cTJrVzZicEJWNjRpc2dQMFRDQ2dSdTk0bVUyeEVVdzlvUWlsT0RoajJUWEZyb2N5dHBOUXNlUzVFWHIxRXhtWk93dmk0ZXd0ZWtQVzZUSWhTb1hlNGljb3k2a1FlRFVFUmVrNmg1cHl2T05pR3liaWpiMzJLUDhFTUVsOG1MdXR6eTV6OGNGdng0LWNOOGthajlXempEWFHSAcgBQVVfeXFMTi1MaE04cnE5WHp2TVZBT3gwYXlsamp2aXdsY1BjYnREWWxuUU5qcjEyQTQ5dERUNVAxQ3VlVEFkYXBrLVJFNDZURF94M3BqWldYVmU5YUpBZmVCNUZVSFBCVzhhY2NGTkpiVTN4azI2eGh5S1dFbUVIeTd2MzZnRXFQdi1YSThxX2s3T1p0WVVhRXlPS2lHVHk1WVVHRjJRRXVwMjVWbkh1QW1BR2dzYmhNU2hSdkNwYVU0dVRQLXlUN05qLWZwYW4?oc=5
2026-03-29 14:00:00,How Airlines Are Countering the Surge in GPS Disruptions and GNSS Interference,Vajiram & Ravi,"Sun, 14 Dec 2025 08:00:00 GMT",https://news.google.com/rss/articles/CBMivwFBVV95cUxQUjA2ODk1OXRHOWVsMzZJc2Y5UkFJWkdzYmRTNHF4Ql8wakhTMU5lM0JGZHRreW5DdHBmTHZWT0dfOE12TEhnWXlmTHlySF9jX1duUF91M1BqM0ZoVXJqREdqWnhMcndvZ1h4eE80aWQ5ekgtTUwwOTlGUE5zTEZ3T3pGWXFTakdGY0h6MGtNd2s2NXByUGRfOFlvcjBSWnBRQTBTMVZBM3NGaE13LVd3UkZnbEJVQW83WVpRT2R2OA?oc=5
2026-03-29 14:00:00,Rising GNSS Spoofing Threat: Why Delhi’s Airspace Faced Navigation Disruptions,Vajiram & Ravi,"Sun, 16 Nov 2025 08:00:00 GMT",https://news.google.com/rss/articles/CBMivAFBVV95cUxOX29reXdYa1VTX0FFYTI5dlhlaTFyZ05lWlYwazdSYmhtUDV3S09TU1NqZmczeUVicGxSY01wRS1Rd0tFQ0ZERUpocV9VeUstVjZRYV84RXl2YXlhM0xaN0VIWEltSWVVcUk4UEVpRVF0Z2xheEdfczlnZVJPRUJXTjd0LVNoNHRvQ3JsQkZGSGI5VEZDUHdaWEEzN1AtUGlsLUUtblZwZzF3WmFHRFlzenBiVHRJRDlhWTEtQg?oc=5
2026-03-29 14:00:00,"What Is GPS Spoofing? Check Meaning, How to Detect and Prevention Tips",Jagran Josh,"Tue, 02 Dec 2025 08:00:00 GMT",https://news.google.com/rss/articles/CBMihAFBVV95cUxNc3BoVjFveGNua3J5cFpqQzkyTTZGTTloTkFVbkZRaG40clY0aGdVMlZaQXFBR0tpdWNXSEpNVUs0VW5mWkRYMTN5bUVnZ0lyeUtJVEFWcUxEUE1paEowN3puci0zNkxlTmhtdGc0VGxqYlJRcUlWay1PQ0VpYUNnMVQxRnE?oc=5
2026-03-29 14:00:00,GNSS Spoofing,INSIGHTS IAS,"Mon, 17 Nov 2025 08:00:00 GMT",https://news.google.com/rss/articles/CBMiaEFVX3lxTE9EMmpsc0ExZGdLMG50elRhR05DS1VFUDVjZUJjSFlub1NvY1hGRldrWEp2Y0ZZWmU3blExQVJHUEtuN3hPcTB5Q0R3WnRfM2NXWEVpSHk5a1VCWlZ2aE1nNFI0Q3h3Vy1y?oc=5
2026-03-29 14:00:00,What is GNSS Jamming and Spoofing? | How to Detect and Defend,sony-semicon.com,"Thu, 19 Jun 2025 07:00:00 GMT",https://news.google.com/rss/articles/CBMiekFVX3lxTE9MRXNHQ2dGUE5TM05ZVGVPMzlaei02MTBoNmxJMzJkeHNtUXNRRlpSVmt1OGo1TmV0NU83cXdXNlZFSDE3RkJJbXgtTGliQzA4U2RSQ3NOaVNTWUVBOXBjVnh2YWZpV3huYzRCRUt0RTNZUnFWQlhHQzJ3?oc=5
2026-03-29 14:00:00,"GPS spoofing, GNSS interference reported at Indian airports, telecom ministry agency asked to help identify sources: Govt",Vision IAS,"Tue, 02 Dec 2025 08:00:00 GMT",https://news.google.com/rss/articles/CBMi3AJBVV95cUxNSlpETVQ5cGFOODhIQjI2UnJuUXI0ck1YVTMzLXpoUTM1dFJBa0drN1JRdThnV3M2T3Z3WFMxQ3NMd1JxRkt5M1hmRTlTVXoxOUVmNXNfODBoS05IQUMwVGFLUnVQY09iRnBYX1pDVmFhUWF3UUdvUU80ZjR5UnZCNndJMXIxV3FibHVQZ1ZNbzZBTGdhbEFvQWdjZUdNeEpNS09XQjQxaWZTZmF2Q2UwS2Q1YnBORFdtQm5ON1ZiZXBKenczMWU4NU1OZGJLdHNZZHhXTmNHaV9EbHZka1RQUWdyYnRzdW55bG1aakZHWEpRanUzOEw1VGZtUEdXNTI2MnJVVFBJajhpeU9YdnpoTjlGcGpoY1lXX1N5RDlkVW8zeG5pMTlkMWV0WVRpVVk0anY4SlNwNmZnWGZOaUczZ3lVanJNdHVFQi1BY0daQ0RhbVlvRWpGTWpLQmo?oc=5
2026-03-29 14:00:00,‘Severe’ GPS spoofing disrupted flight operations over Delhi for seven days: Reports,Scroll.in,"Fri, 07 Nov 2025 08:00:00 GMT",https://news.google.com/rss/articles/CBMitAFBVV95cUxOTU1NczdqZjdSSVc5RFJmMmplc3B5cjk1aXR6c1dEMFpyVWFLOWo4ZjdIcjBpZWx4ZXpvby16dl91NENKckVhWEJnQjQ3YnN6YVNDYXdxbmY5bVl3YVA1QnVCQlRENm9VMjlBRUFnSW5FWXhBYTE5Z1VrZmxQTUtaVFEySWg0Z1JDRUs2X2tTNW1CUWQ0QUZGV1RkR1JIb2NMRDJBVjhOc0FDRkh3TGY1MXJqOTDSAboBQVVfeXFMT1hfY01NM0VVLWlBRU9GVk5hQW41VGFjREhpdlhEdzRiSTlHZlFaWG12ejBCM3VIMWFWdTJfS3FjMVpVMko2RUwtcGhxYkZzcDVfTFZ5bUlYVER2YUJTZUY5WTRScU9PZzFJUEx3S3JCb0RLUXBXalFZVmxqSk92Um9TMy1EeFduRHVJWGlVU0ZJYmMzeUJCcEYyLV9ydV9FdU9QTlNZOGF6OXN1MktsYXdJT3NCdkFocUZn?oc=5
2026-03-29 14:00:00,"GPS Spoofing: Meaning, Working, Types, Impacts, and India’s Response",StudyIQ,"Sat, 08 Nov 2025 08:00:00 GMT",https://news.google.com/rss/articles/CBMiXEFVX3lxTFBtRjNTbUVLSXFVMnFLQ1dYRWxoX0l0X09lM0phakNneVhYMFFTZHpRNHUyV1QtZ3I4V0o4Nm1yd1RCWGlmNTlUSjJic1FTejFwcTROMVJVdHhkTUJW?oc=5
2026-03-29 14:00:00,Ajit Doval office to probe possible GPS spoofing at Delhi airport: Sources,India Today,"Mon, 10 Nov 2025 08:00:00 GMT",https://news.google.com/rss/articles/CBMi7wFBVV95cUxNT1NPN0pKQ0s5YWlNVklPVEhYVnRuMFo5aktGRURZQjUtUlVCaGlJX2wxbE5WNEJjMm9OOENwMXpvY1R2Z2VYOVlEQWxrNWMwRHhJLVRQcXI1OFpHRnFSajZCeEFyelZlUUhnaHZNTW9ZSWNkbTZjNGgxOUdabnRpLTNWNHZBVlc0d2VjaTFaSDUtbERQV2dwRHlSejhFSml1ekVLSXZfaHhrbTFrdjUwRzhjSDNNWHRiREJ3MXJoTFhuVkFPZ0dHOFg2dWdEdGNlT2VtQkI1UUNYS2E5MVlqb2V6Y0lrUzdPNUE2OWhDWdIB9AFBVV95cUxPd3J6MUNBMW44S19YcGNmY0xtU2VOU3lPRG5GcmRDYzRMTHFtYk8ybEE5MkNUc1dPSERtcGk1c09UMkIyeUNsRno2UUI0aC0wLXJ1cEhXLVlLcUw2dFIyaUtmTkZabmk0ZVYzRkF2ZWVMb3hLakx5aE1WS1k2MzJPYzZ2UlI1TlFnTnR0Q2NvUXB4VndaT0loR1BsLXo3VllFZkRzTE5faGs2OGZsSTlnYW9EbUd3X3ZWU09pVUVaX0JVOTBCYzlocEQ0TTFrQjdQN1Z4dENKQ3JISC1fTHZDa0FvU2VremFfVTFtcHhuclZEd2Zv?oc=5
2026-03-29 14:00:00,How to Spoof Location on iPhone: Top 4 GPS Spoofing Apps 2025,The AI Journal,"Mon, 13 Oct 2025 07:00:00 GMT",https://news.google.com/rss/articles/CBMiiAFBVV95cUxNTHphb1VGb29kbHV0MXVJT1NSNk1kX1pnSm83MU04dGE3VHdoamlaX09OWTFvXzNMdFRwa1ZTN24tdjVHaGNwc0o4RWFoank5RjRJRF8wcTdQUTgwQUdxLXpIUFRsZjc0YW1ybnJsel81cXdVUGl5V21JM0xfWTlCMDdpaDE3WXBX?oc=5
2026-03-29 14:00:00,GPS Spoofing,Drishti IAS,"Sat, 18 Oct 2025 07:00:00 GMT",https://news.google.com/rss/articles/CBMigAFBVV95cUxNYVFnVTlPZHcyMDd5ekRWbHJKUC1jQVlaa0JkZnpfeVNfazVncG0ycTM3am4xenYxRkNaR2dGMUNUNVEtSUFvZk5nZGlacVJZVk5VNWNsdFdaRWthU2NpZDcxS1RzdkpRV09IQVdsZ1NnR08xYUVJdXVONEtfcEJZTA?oc=5
2026-03-29 14:00:00,Chaos at Delhi IGI Airport as GPS Spoofing and Wind Shift Trigger Flight Delays,Travel And Tour World,"Thu, 06 Nov 2025 08:00:00 GMT",https://news.google.com/rss/articles/CBMixwFBVV95cUxPcmgwc2tldXpIZHRjT1pZRFRqU3dub1hLc1pfYUg2MWRlUC1aM253SVd3Q1I4RFlZOTd2YXBnVXA4cjYyU0FFVW54VWo0UUZZUEpWWElSWmc5MzQxdmRGWkUycmhQbUI1elRONllDcEY2OVlvTjNnVm5BUVRiZ1dBNGJfZWFpZHVJTWlzd3VBcnMwNUJBdHBmaFlYYnVCUm1YWWhJcHVJaXpld0N5YmtSZV9BVUJlWnJ5SGNvbW5PZVQxVU1QWWMw?oc=5
2026-03-29 14:00:00,Testing GNSS Receivers against Jamming and Spoofing Attacks,gpsworld.com,"Tue, 16 Sep 2025 07:00:00 GMT",https://news.google.com/rss/articles/CBMijgFBVV95cUxNZWFoRl9HTGphV2k3SDJ2ZXRZRDgwUVNfYTNLOXUzaXJDd3czMGxENzZGakk0V1Jyc0dIYlp2N0JOS2Vzdzc1a3RPUnVhM3ZGeUJxVWZSNDBDVDNoUUZnYnR3eV9GTl9rWDNsNmtMbHpGU0hqSUdSa1lnUm1uYVJ6N2tBaG5HNlBqS2dnenZR?oc=5
2026-03-29 14:00:00,Sweden says Russia behind surge in GPS jamming over Baltic Sea,BBC,"Thu, 04 Sep 2025 07:00:00 GMT",https://news.google.com/rss/articles/CBMiWkFVX3lxTFA2T2VmRm9Ja09Ib1VNMEdEdEYwOWVIMjJKT0hveU5sWml1Ry1UQjBLTzkwbTZ5VWNQVmNmUUMxMHczXzMtbHB2WnJPYUlzVjBQbHcxLUl1aUt5UQ?oc=5
2026-03-29 14:00:00,Galileo Leads the Way in GNSS Spoofing Protection with OSNMA,defence-industry-space.ec.europa.eu,"Tue, 22 Jul 2025 07:00:00 GMT",https://news.google.com/rss/articles/CBMiqgFBVV95cUxPOXlwMGFpclNjVEZXR3J1b0YzRFppa2dkVkRvTjJaSmtPSHRtQTdfS3BpUGk3OUtmUkZlZVJfaXZKTWpyNm1Ic1oxelNqMFdHeTQxTHlKb0tfSkZ5QUJMQWV2ZXB4MTJvN0FjdkZBcEt6aW1iblNJMm9IZGw1elZaLWh5Nm5LdGdLVlBaUlZiay13RExHdmpHdnBva3E3bENHMDNxa0JCV3lZdw?oc=5
2026-03-29 14:21:41,The World Is Full of GPS Dead Zones. Here’s What Comes Next.,WSJ,"Fri, 06 Mar 2026 08:00:00 GMT",https://news.google.com/rss/articles/CBMi7AJBVV95cUxQd19QM1RpVWpYUF9vc1BubVNUWEZyTHpGcFVrdlpRMUI5TWdFbzBMR3Rkb2lCUzVFZ2d4MVJLVE9fR3JfdWZ6Zy1tZUpXZXBQNkpBVDhJMlNxLVU4cnRaajVpaVBtVm1BWnFQYTlaNi1ZVk9oUjktYXA3Z2drNnl4UklsZWdSR3pTLUFVX1p0X3VWSUpOUWlETUlXVk5TT2lvN0JOeEZLVUZWYlkwbjFRYXdCYVZjMjB6VDl3ajdGSEdhMjk5eURoU1pMLXVDZURhUGFmSFNoUDR5VjktaTJPZ01rSDg5YzFSQmcwVGl5MGVMbmxFR01hMDhpenF5U1p2WkxoaWRCVF9MX2I3WDU2cEFzVmZXN3JEYUJOVk4ySWhtQnNWR2w4aGRIYXhvZXFmSnk3eHBVMWx3UkNpQTVSM1N0VjRWNVVZSWhDN3M5bThtYy1kR1J2bWNTTFhUQzhZdlN3SExJdXJwNV9T?oc=5
2026-03-29 15:39:07,GPS Attacks Near Iran Are Wreaking Havoc on Delivery and Mapping Apps,WIRED,"Tue, 10 Mar 2026 07:00:00 GMT",https://news.google.com/rss/articles/CBMinwFBVV95cUxQSTQ3ZHdXUDVsOUZrRTJnMFN4TENiSk1KV0E5MWdhM0xuNmhYRHRqSU9lemd4b3QwOG1UVHhLZlI2QkRJNlFsQkxqTjhCWGw0LTZMQ2x2S3hJcEpDOHMwSUM2QmVMbTNacTZoQUtDM0FoY0thU05naFZrNjJhSm5sb2NndThWUVhlcmJmZTZVOXA5N2ZFeWdxQklWZ2JrX2c?oc=5
2026-03-29 15:39:07,GPS spoofing is scrambling ships in the Strait of Hormuz,Scientific American,"Thu, 12 Mar 2026 07:00:00 GMT",https://news.google.com/rss/articles/CBMiogFBVV95cUxPRVpTb3dnRElSanI2N1d4MUNZNmhwX3RlZnd6YV81NDdmR0w1UVEzSkVYeThJSnlBbmVSUzZWUWVfZDJxT2VTM2R3dDByeHRDU3ViOWlVVkJ4NEtZUDB3QzVQN3hWd1pRNFVvVy1YQjlGRGNOMUdwNHhGbTdhcG9jSUdYSFZlYXFaOW5ZMV9udUhOWXJiV2VHeXhBSnVNbEFXRlE?oc=5
2026-03-29 15:39:07,Surge in GPS interference around Strait of Hormuz increases shipping risks,France 24,"Fri, 06 Mar 2026 08:00:00 GMT",https://news.google.com/rss/articles/CBMirwFBVV95cUxPbmx2TERKdXRUT0pHQl9rNXJsanoyWDZmMXNObXRBOVkzZEZqWEhxbzJvSWtNLTQzUzVKSXBsR1ZHaDdFX29iY1VGbEpIRXNCZ2RVUUkyTTJXMkhGRG1IdzgzNzBoYmV2andJeTFObl9mLUZ1S1cwazk3RV8tWDVSMFcxNFRCck16TW54NGJQaVNxWFpNaTY4MzgtbVpERGtPYkJZbGMzRGZwR2VxeW04?oc=5
2026-03-29 15:39:07,The World Is Full of GPS Dead Zones. Here’s What Comes Next.,WSJ,"Fri, 06 Mar 2026 08:00:00 GMT",https://news.google.com/rss/articles/CBMi7AJBVV95cUxQcXJzbTliR011UFdiUmg2TEs2NVJ6QTJJeEJfRS1Rb3RydzVVcVEzcjU2Qk5vcGpBM0UyUkotSmtFakJPOHNCcjZBc3ZCTTNUbU53eVlHUDhvWmdXb2Z5S3pSYUNFdTVIYUUzOTdwSVhHVW5EaVBRb1ZEdzhYNXlRWTBUVlBLdjF4Wi1fSEhUY3hiN1pvc1BxQlJ6d2RqQkp2X3BDR0NDR3hGdmcxdTFHRFNSbTRlRlltb3gtTnJXRDVmdHBUZE5lRllLdjc3bUlMemM3RENMWU02Q0NTamZHU3J6MW1PTmV6ZWtGMDZZWWNuV1BnWWR6TnNQam44eTRmTDRGUzNCLXo4cVFSMmpTblVjelFYcDJya2x2d3Z3WnJLQV9FWU54NFVvYU5FVmRxbVoxRTk4Z2JmN3RDSVlFTzV1QWM5eXlHQ3J2bnl3QVdkZGVtMHpKVHp1OTMxcm1TSWs2MlNOYWZYTHhD?oc=5
2026-03-29 15:39:07,Why GPS jamming around the Strait of Hormuz has become a major concern,The Indian Express,"Wed, 11 Mar 2026 07:00:00 GMT",https://news.google.com/rss/articles/CBMirAFBVV95cUxNWnhYWUxBWGE1eTNKN2NGdmg3dmVqQW4xSWJ4cjdvcHltaHhQOGNfUGRGb0t6WVEwYXVsMUY4eUtnTTJrTVBPTHgzU3pWM3hRR2VPUFdqTUVZU1VDb2kxcjBZa3FoT1c5UUtxRlVaSml0OUowSVpBbFNjRkg5RW0tTDFlMGpnandFdU1WNnB3dWw3SnZ4OWZJZkp6WTNmVTdkV2ZpcUoxQjU0aDc10gGzAUFVX3lxTFB6cWNfZVl6SWRVRG1IaFVlSkdxZDV1bF9KSjBycTZuNGtDek5zdWY2RGxLTE5teXBsSmdMUWZjY3dxYVdOYUJCUHNhYUZPZGR3S29UQ1I5S2xQN3ZibXFqNjZWby1iNV93eGpSSDNVOWJJQ2ZycWpiT05fR3F1MWxzVnIybFIzcXhDaFcwQUVxYlQ5bTZPTmhkcWc2c2EwRXMteG83blB1d1U4b2ttZ21tazc4?oc=5
2026-03-29 15:39:07,"Navy tells shipping cos to watch out for GPS spoofing, debris in Gulf region",MSN,"Thu, 26 Mar 2026 18:14:12 GMT",https://news.google.com/rss/articles/CBMingNBVV95cUxQb0dJb09rMXZZMnhPX2FFNHFJOVF2ZWhDWEhpdWczY2RDdTludDV0MUZEWERqTnFBZWN2cGg2ajk5SUZiZEl1T2c1Y2NoY25aOXZEdENEVTdkT2RFZGItZ2cwNGZTcFlvYzJybjdFOUhqX0o2WlVXa0dJa19FSm1BSl9CUnRleUF1SDBaTGs0WHlVTnNEaUZKRGRzeGItR2dzRFBwTG1xSHNRcnV4RENlcmt6R2hKX0ZBc1hxc195MkY1TmFOTHFXekc3b2w4MXg2QkVaaHVsN3p0dExoaEhEa3d1dHU0dWQ3Qk56OF8xcTZmWDZMbjBEMFIyMnRHLU5waFhBTVJBNFN4cHhUQ28wY1UxNktPQTJlamRaZG5mNkVvZGxEQ2VYT2NabTVPbkc0alFUenNyWnRTVzk4bnZHRHVRTjhvY3JWS2wxc3laN0VGODItRkc2cUxJQ2Z0aDRxYmN4NGlqRzBRYUhKUTU1WDFMTDJjd0FobW50WU9qc1dueTA3T1NWXzJFQVhTb21pS21ZaW9HajFLRHV6MHc?oc=5
2026-03-29 15:39:07,How Russian electronic warfare is forcing ships to abandon GPS,thetimes.com,"Wed, 18 Mar 2026 07:00:00 GMT",https://news.google.com/rss/articles/CBMimgNBVV95cUxNeExqemtvQk11Q1dfbWw4SGh6SHBJSkozWmFpWDJsNlhwVFNnc1lFdTc4aHhPRERWbWhaOFZFSkU1OWtBOFRHVzY5d2RuaWk2YU1PT1dkOERNUjA3a1lDdUpmQlpQVHRhT2RoWk9MMUkycVFGWTBaTGpING1hSDFQVlhQcFp2VE1RLXJKVkFldUF3WG4zV1VRUkJCWk96cEN3ZTBRcC1Jc3hlT243Um9FYmVFeWxGNFpoRF9BN0U3bWVZYkdJZWxpOVp6SGlTR2xxSmVydVhWcTc5N1ExRzdyX1J6ZEJoWFpFbGlZcGd5RmlJRURrMGd0MU1iNi1objBFNWxCTDMyclFJS1BrOU5SbTNXWFUwSDJnWWs1U0N5bzEwaDR6ZUpvbW9sNHhfd2pPX0xHckdZV01MV0piNmVXX3doNjBvcFNEWFNXTlpzd0dLNEhBZGRzZzRqb2hHczJsc2NMVS1DQU83S2hQTC1VMzgtUmc3RmlFUTBMMmwtZ0RMZ0REcDAzVkM0bmItbmNDNFZiTlVleHVRUQ?oc=5
2026-03-29 15:39:07,"GPS Jamming, Offensive Drone Attacks Intensifying in Eastern DRC Conflict",chimpreports.com,"Fri, 27 Mar 2026 07:34:22 GMT",https://news.google.com/rss/articles/CBMinwFBVV95cUxNUDBHdEU3XzJER0d5WWduV25OaWNFbWt2TG0wV1hlUk85b0VHOEdyT2E0Tkw2SGFoM3hiNkRBeGpVSFNvSnNIam8xTHVMRTNtdlB2UUhzOHNVT0NZbk11VmlNRTFxbDN1eEpzZlMzVmxGYlh6c0ZJaFYxX1VpNDY0bjNqa1BNZFFWTnpqR29icldWM3hFNkV1dm1PRUs2dWM?oc=5
2026-03-29 15:39:07,Europe’s longest dog-sled race hit by Russian GPS jamming,The Barents Observer,"Sun, 08 Mar 2026 08:00:00 GMT",https://news.google.com/rss/articles/CBMipAFBVV95cUxNODBNa1VMWjZ5QVVTcmZoeFJQckZFOUUyOUZyVU1NSEhxYkpGVF9SSHNDOFBtcEkweFNjYXlUaGdjeVJtbTAyakh3U0hMWWRXTjF5dEUxa0ZvaTg1M1c3SlVCa1pDV1hzWDRIZkJGekxhaXpFV3JNRDRoVmFhQmI0SzZYSHFXcTJvN0tTMTdzaTdrUXRJMXctY3Z4MzZGTU5LZlc0eA?oc=5
2026-03-29 15:39:07,"Strait of Hormuz shipping risks 'volatile' as GPS spoofing surges, Indian Navy’s Maritime Centre warns",MSN,"Fri, 27 Mar 2026 12:56:23 GMT",https://news.google.com/rss/articles/CBMiqgJBVV95cUxNN2k3V1R1aGJnV28wZ2w5cFZUNGJCakg4amY1bm1xeGVzRHk4WkpIazRtRVZjdUVnQWh0cWRsaThzZ1FRNTlyNHZMWExiMV9DM29XMEF6My12R044anFsMUt0a0VSVVdWb25EendkbVZKUmdQWlNsWnUtWTdwQkNEcjJHRmNCcTRlYnZfcm5WeWlpUFgxcHBZVXItNkQzRWU5TC12eU9DZEVVVzF1Vk5Ednk2WXAyWnVVclMtWVFmQUpZRFZ5MU5IWDdrT20zZ1dXVHV1aV9fQWNUaHZaT3ZJOVFnX0lVaXhWTEpUNkh0WmJuRUlmendQZGkyWVExOEZTUXNjNGlvQ0NMNmJKZGNDemVWT2RKRzFHSU1aeFZuYWxrYUlCSDNqSkRR?oc=5
2026-03-29 15:39:07,GPS Jamming In Military And Civilian Navigation Systems,Aviation Business Middle East,"Fri, 13 Mar 2026 07:00:00 GMT",https://news.google.com/rss/articles/CBMioAFBVV95cUxNLUVmeERsUElPQk1KTHI4Y0FtYzVhNGtKVnFMMEUyNVowV3JvbmNCak1wQk5KTmZBYlNjU0xFaGx6dC1vTk9pMEtpOF9tZ0w0dXY3QmtCM3F3MEtfWmljMVZEd0RWUVFfbldJNjRHSU5nTFE0X21EVmdRUU9yZG5FbVFBQmE5TkYtSTJYZ0RrMTQ5ejA3cGY0TGhYUTFEbGtw?oc=5
2026-03-29 15:39:07,Leveraging Advanced ML to Detect and Mitigate Spoofing and Jamming,Inside GNSS,"Thu, 26 Feb 2026 21:48:45 GMT",https://news.google.com/rss/articles/CBMilAFBVV95cUxOTGVhbzFhOTNCUEp3Ym5aVkhuQTlTbDBVUW53RVFnOXdjXzhmSDVEZTNJMWFBQUQ2R1hNQzBEeDAtd3hfOS13aWgydmxWTjA5OG5vSUNCd3lxbTcyaW01aU9oR3BtN2pTUHV6NFo5am0tdUxnUVlyS3pyTmxGYWljdXhiSE1rYWpfajY1aGtERWtRby1j?oc=5
2026-03-29 15:39:07,US-Iran war: What is GPS spoofing that is giving UAE flights nightmares?,MSN,"Sun, 22 Mar 2026 11:25:15 GMT",https://news.google.com/rss/articles/CBMiuwFBVV95cUxNWVd3dUpVVjFpNE5VUFpMU1dSSkJ3WWctRWRyRmhLZTJYRUE1V1JFaDVBLUNBSlhNTUNPYTdLQ0t6MTdqakRwRm85WFk2VFFYTm1RNmpCQTh5dDhTLUZ4bmpkUzJPTWNoQmZpZzdBYkN3ZzhTem83ek4wSFpDeWl0Xzk5dmdWdXJPM3NzSFVFSkhIVWhPaERsa3ZteEMzWkRPTVVuSVVocHZmNlh3WlYwMDZuRC1HZm9UT1Z3?oc=5
2026-03-29 15:39:07,New GNSS interference report released,GPS World,"Wed, 10 Dec 2025 08:00:00 GMT",https://news.google.com/rss/articles/CBMicEFVX3lxTE50MW41UUFJWVNpc3pjS09FeXlaTklQZExRS1NlSTViU3dmTjJVa1M2ekRWSVNobmxSc3BRYmJEUzQ2OEE5LTlvcEl2b0p3a0VGYnppNE5UQndQVnBwRW04QjZUaElYVFZVdWhDZ1c3NUU?oc=5
2026-03-29 15:39:07,"GNSS disruption, asymmetric warfare emerge as key features of widening West Asia conflict",The New Indian Express,"Mon, 23 Mar 2026 15:38:26 GMT",https://news.google.com/rss/articles/CBMi1wFBVV95cUxQcThHN3k1M0JYaUoxRVIwWVhQdDh6UmZmNXFYdFQyZU1tZ3VPU2Q3S3ZHWkN4T3B2V213RWt1aHJHaXBOem9MOXNzRV9UNDVyVjJDWFlmVk5XMUxCWDRfWS1ORVYtR3RKanBROEJ1TnhOU1pHbFhVV01HZURTZ0NZaHkzLXpVSjhnNEVENTdCSFAtLVBZWlVWQTcwU3NyR2NGaEk1NUVVcUJMMzFpMW5hQXdZMU9NZUkzZ3NXNVU0VlhIenFxOVIzUUNMZEVkOExlNl9HNU56RdIB5AFBVV95cUxOV2lJaTlYVFZpMzdOZ1JYbXkzS3JsQm1kOXg1dzB3b3IwWXhoZ1dHZDkwUkc4M0llR3I5blM0RGk2ejVSX3E5S0piMENZTDVYRHNoR3V6ODNOSF8wNnRsdm9XSTNmRWtHbGh0M0hZSlZrcGNJSFBMVU1oY0FTckd6b3REbG5wc3ozR1BjeDhXUC1pOXZRLWs4cVJxLUtUQ0o1YzhUSlpGRFFJUWNmalk0OGt0YzMtTVdUczZSUk1JYmRlMXpBWTlWU2M3eHdoOE1WeFdoQ1dDRkpnN19jQkxQOXl1bWw?oc=5
2026-03-29 15:39:07,Israeli start-up InfiniDome brings GPS jamming protection to modern battlefields,The Jerusalem Post,"Mon, 08 Dec 2025 08:00:00 GMT",https://news.google.com/rss/articles/CBMiY0FVX3lxTE5DaFYzTDZMNmxURWxWbU9SNXBNaUloNlpsRHZzYTE2VHVLcURwa1RQa21LUVp6bE5HOGxyRDFXOEFvUkxEWmk1eUFRRlJQQk5uQ2NXSXBZWFQ5b3RERkk0dTZIaw?oc=5
2026-03-29 15:39:07,Maneuver Under a Lying Sky: Russia Tests NATO on the Baltic-Nordic Front,Modern War Institute -,"Thu, 19 Feb 2026 08:00:00 GMT",https://news.google.com/rss/articles/CBMinwFBVV95cUxOVUZXRVJVTktMdFFnREZsWjdoa25tWkhfclkzYlYxbTBYaFNkdUNfR0lPNXhvcFdBWEhNdXRpSXlUVHg0TmJWZmNtNGxId29MVC1QcnNRTHA2ZHE3a2s1YVJJQ1B4SDZ5OHMySGk3Y3Bzbkk4VnhtS0lzR1hjZWlUbzItekF5eGVXNm5wSGtGa1J4alFZbTFTM3FacDFha00?oc=5
2026-03-29 15:39:07,This drone is designed to survive GPS jamming,WION,"Thu, 11 Dec 2025 08:00:00 GMT",https://news.google.com/rss/articles/CBMilAFBVV95cUxQVUZYWWZCdFFnRXpFaGZNVktOVnBrcG4xQ2t4akxpb1QyTDVTY2xkSmNwd2JGS2dabEFtVkxDdzlmYnBMMFNYdUIwSHhSbWp5MTFHUmtTRXhLMWl3UF9NT3BCc2ZVb2Npb1B4eUN6cjBiWFRWRm9FRDl2cE1MSjBHZG1oZFlZMGJpanZvVmhwenlOUElF?oc=5
2026-03-29 15:39:07,"As Iranian regime shuts down internet, even Starlink seemingly being jammed",The Times of Israel,"Sat, 10 Jan 2026 08:00:00 GMT",https://news.google.com/rss/articles/CBMimgFBVV95cUxOQlBFSkQxR0VtcHBZRnVVd0doSXYyLVdoWF9UOWxtZWhacnYwd3NKamhPYWxvY1h5RWQzeUhpalhlTF9xMWlhQU4wM1hZc285V2JhNm1GXzlUVDFKdjJMN2ZwOUtVOW9JLXl6RFpCNDV1dHlYV3dSdERzdm41Z2NjSzFLbWY0d0FBUkU5eXBxQk5BLUozdmg5TWxn0gGfAUFVX3lxTE9LaGowc0FlZ3VaX080UElsR3RRYzBDclNiU1M4ZVNsRjEwVlRNQ19FTG5MOFQ4b1cxZHhZekdjcjBGRndiSGdORENBd0hHUkp3MWhJQmFmNDFFMWppNFpEN0hXajFZVGhIWGZDYmc5RDBBTVJEUmdDWXN0aGk1aWNZR2NDdjJLVUw2TXN2X2l6OGxLYnFHbElfZ2tiVnpMYw?oc=5
2026-03-29 15:39:07,The Pentagon Can’t Trust GPS Anymore. Is Quantum Physics the Answer?,WSJ,"Wed, 19 Nov 2025 08:00:00 GMT",https://news.google.com/rss/articles/CBMipgNBVV95cUxPM1I4SXVTeHBKSFh0c3Rjc3psbjVSUV9zYXI2RjhnaVlSUGo2Y2xxT1pmbVJ6M1V0T2VwT09wZkdJaWtLRW04dFZyNlJHSWZYQjBQYUduYzcyMjd2RGxVY3ZreW1UQkRXb2xNU3NzbXV6NHZid0I0LU1tNzk1SkVBZUxYUkF6RW4ybW1DUmZoV0c5OFIzaWtSSnRqcXk4WEZ0S1JnbnU0YXN2RjBTVUEyVjNIZTJBMjhEQmh2S0xPTE5LbzJmdm9JT0pKS3prbmw3WWZvNFd2dUJYTGRaNzR0d2J6Wmh6cXRyakxURmZFSUNkeWczT1o4WC1rOXpuclliYkJ2YkxzV1gyQmpzR2VnWUI1cmVBaDB0VVJDUG95SzRxbWpZR0g3SXgwXzlvczZvTW10NnVBUlBqUXZBYzNqOWRpOExjQkJPaDJpNEpzaXRpNkFyMXE0Y1p0akNKbnRFajhqamhwMDZkV0pOQUZCSXRmdmMwYjRVakttRkdteTBwUkpaajRIZ0w5Y0V4djA0Nk42Z2RHODgzX3BncmZORUZqX0xXdw?oc=5
2026-03-29 15:39:07,"Signal Warfare: GPS Jamming Diverts Drones and Missiles, Redefining Modern Combat",The420.in,"Tue, 17 Mar 2026 07:00:00 GMT",https://news.google.com/rss/articles/CBMihgFBVV95cUxNWnVjY05Sb3M0ZWxJRURLQXVTQk02STJOMERvNWU5eDA5alYtT0pDdEJDMDRqQ2xRYkhRbmc1V2NlZlFGTzFoRzRLTmF0bEJnSHp6VjVxUnFlZ3NvYXU5dVFveHpCdUlmVXNpUXR5X1RDR0VSTnlZZlRQenA0NlhRdU5EVXZmdw?oc=5
2026-03-29 15:39:07,Fokker Introduces Active Countermeasures against GPS Jamming and Spoofing,Aviation International News,"Mon, 17 Nov 2025 08:00:00 GMT",https://news.google.com/rss/articles/CBMiugFBVV95cUxPRmFXNHlFQWxlQk1YTDVzdFZhVmN2STZlbGwwZVVJUDdsZWxfdnVmV1ZlXzhQTnh6YUg3aFBqYXhZdGllVENyZnRKYjU5QnB4VWREaHoyRkxNVl9VV0dDRnlodEhIQThnaHc4a0trUmZqSVBnbE1XYmk4TXBfeUdrX1QtdjdKRUpEVEhPbXBERm1OX0lNdlo3eG96WU9LUnNQRnNRMmhkNzhuSkt5WXFiSzcwamNhN2lzN2c?oc=5
2026-03-29 15:39:07,"Govt confirms some flights reported GPS spoofing across country, launches probe",The Tribune,"Mon, 01 Dec 2025 08:00:00 GMT",https://news.google.com/rss/articles/CBMiuwFBVV95cUxPZUhzaDFvWm05UEpXLW5RY1JCcTRoS3BSVVRSXzQ2M2x2SlRVNmxXV09sa1hjaTV2LTN6bHJRWGJpRDZTMWRvRTV6dzF4OVFwR2RaT05ZaHRfNEJIa1BKZWhZOXFBYzhWc3NYOTZWUkU1dVNpMmhfWUlyeUFfNHVFcUdwN2VOaW5PT0NFMU9SMGd3ZDlLelAxaC02NFBtQ1pWZFBrY3ZaRWl1NzNaU1VBeUtQOG1mTnNiLXlz0gG_AUFVX3lxTFBneVJuT1VlRXlOMVhiclJJLWNiTnl6SFY2T2xXREhxTGNoRXBzN2RvN3dSQUc4Y3lrcVY0SUhSblVMRXFJMHNqNVFHQ2hadnhvbVNrYTJ0ZnVDZ1U0OFhQa0xtVzg4alJWUkhhWlpmYTZGLTlMN2U5RjJVcy1ZUUJjeE5JYkkzRXYzcGFZeTFHbHNiR2p2NXJVWkFhazNINlFHZldxUlhPWUF0RGdydFpZMTM2YjkxVkI1azR3ZVQ0?oc=5
2026-03-29 15:39:07,Government says GPS spoofing hit hundreds of flights: What is it and how it impacted several major airpor,The Times of India,"Tue, 02 Dec 2025 08:00:00 GMT",https://news.google.com/rss/articles/CBMimAJBVV95cUxOazZWTGxqR0RNVjlWNC1vaG5YekZYU1UtMngxdVFMcnNFUkktdGN1WjloOExGMGJ3dUxwbzdnbFNrc3RONUt6Q2VtQy1ldzdFenZmRGhNXzNNdzJwMVBZZnRRNnZ2R1RfaHZFMzdQWmJJSXJIVFBkbERBLWhrTHpYUW5YZDViUlZRb0NvVEROclZ2TjJOb2h3cWZZVXlCU2JMNWtDS0xwOVg2aTZUcFROSWNvNGdCdEpVNnEwRUEyYWdDNFg1QmFyZFMtek9KVTBiWGY3ZFZKX3k3emFhck1EbE41ZVZrSG13eXB2MXE1ZnlCSW1NaEJlRHMtQUtvdXVxX0FuZnRYSWFwWWpyeC0ySTNsSkRUdm9x0gGeAkFVX3lxTE94UEItSEg5SmRfdndqNURVOHhpNVFWbDQyZHJsRUVyS1dvdWRuUlpBTGRSeG5mZmY2MGtkZWlfRnVUWVFkMFFJSkpWcWY1NXJDUmtmcGpiREhmQ2Rmek1UNHpFZkNFWWQ0U3VfeWQxaENaS2NETWlQZEhPc0hOSWdNZEw4VGlhZ2gzelRUQ2ZJYW5nSXhrcXRIR0pUTms3bXZtazFJWVZ5MjVkSGdVYW1FNXNScE5yQllBV3JmOUZTMUxzYzdUZ19aajZNT05vRnBuVWRnOGx2TXY2ai1IY0k3a1JXbXM1cGZiTlpHTENWdzBUbTNYSm5sMWs3RXNGdkxTLVVnN0JsSFVnaTNKeFlJRDFFLWpQLW1tTUFtMVE?oc=5
2026-03-29 15:39:07,India’s DGCA clarifies 10-minute GNSS interference reporting requirement,GPS World,"Wed, 26 Nov 2025 08:00:00 GMT",https://news.google.com/rss/articles/CBMingFBVV95cUxPNTlXQnlOd2JEUFlJM1NWWG1iRHlGOTYxUldkMUJjWkZCTUIyM2xhRUMzN0FxeFBLZXRvTEJDSXpKU3E3MVJCWDdyRG5wSG1XU0hfd3pyZXFoSE9RNzBYVGpBRGh4RFdzbV8wcUZaWVlDQTZQanFzLU9BWjlBM1JNQ0pnTzJMNW1lUThHMDdyOVhKVE9VVVZ1X2JiZkJyQQ?oc=5
2026-03-29 15:39:07,Testing for Efficient Transportation in War Zones,GPS World,"Mon, 20 Oct 2025 07:00:00 GMT",https://news.google.com/rss/articles/CBMigAFBVV95cUxPbFRXY3lBaFJoZjNWQk8zc1BrNWhTY0pBbU56LW9wQUdQRjJHNmVtM2Zmd2hmc215NDh6Y202UHRNbEtlUVJMcmRJVlYyR2FIS1loYWdOc2pqYS1rWkRGbGw0QkszVkNualhBVTAwSUltaGpBLVNnS2dMU2FNaDdiMg?oc=5
2026-03-29 15:39:07,GPS spoofing: The invisible danger in India’s aerospace,theweek.in,"Sat, 06 Dec 2025 08:00:00 GMT",https://news.google.com/rss/articles/CBMiqwFBVV95cUxOTVJrX2RmY3FPbTVULVBnUEJ1a2dRcUV6NUpkWWhZUXdydGs5bF9LVVZLRnh6Q2ZHNUFreXphQmJCdnN6Ny1weFhsQUt6Zzh3Q1U2MldTT0Vja0IwLXVYd0pCLS1sQjNiQVVhQ0lOQVVLeWRvTXJuNks5bjFHOVVZWGlrbWxabTZ0SDhHVVAwMlJ6QTVTQXk4U0ZqcTRFa3o1UkEyZHRjQVA3TEHSAbABQVVfeXFMT0hpRWxhNUVLUnlqTXZiMktFUGNTdjIzcWtTRXpmM0JFZ1IyekdRSXptMlNvUVRHT2xxVnoxWU5wUTlGVHI2MWdDRUdQdk42engxRVRkbmtVejRVVlEzQmNlejMzeU5sbVBITVRCajVsRExpb0Y3aTF6R1pJeHl4N0dsR1dRVnVpNzg0ZEJWQW9VU0tNVjZ2cHVxT21qV3E1bWktVnl4cUpIZ0F6WHQ0Si0?oc=5
2026-03-29 15:39:07,Advanced Navigation launches defense INS with electronic protection,GPS World,"Mon, 20 Oct 2025 07:00:00 GMT",https://news.google.com/rss/articles/CBMimAFBVV95cUxNRWsyMXpGRTR6WXVlTUFiekxJbzRiaFktWkYxbUYxZVpsSzdwSjlFaEloTm1RYW5XQTgyblI0NlhaZHZQTFVvTDhTTVk1ellfNlBzR2w0NVVmbG1pNWNHUU1BNWF2YmgyOTNwYTBCdjhicHAyY3BkbkdvWTluOXEycnJaV1BRSy1BbzVPYmxPNDd4d2pEc2Fmag?oc=5
